,Eureka,Monterey,San Francisco,Santa Barbara
1928-01-01,11808.0,105168.0,384960.0,0.0
1928-02-01,19728.0,210216.0,391152.0,0.0
1928-03-01,16776.0,68328.0,159528.0,0.0
1928-04-01,8016.0,39936.0,357888.0,0.0
1928-05-01,6000.0,6744.0,373272.0,0.0
1928-06-01,6408.0,72.0,332784.0,0.0
1928-07-01,8016.0,0.0,263472.0,0.0
1928-08-01,0.0,0.0,0.0,0.0
1928-09-01,0.0,0.0,0.0,0.0
1928-10-01,0.0,0.0,0.0,0.0
1928-11-01,2352.0,21960.0,342024.0,0.0
1928-12-01,6984.0,21192.0,409680.0,0.0
1929-01-01,4584.0,6480.0,346824.0,0.0
1929-02-01,7464.0,7968.0,268824.0,0.0
1929-03-01,4200.0,7872.0,95688.0,0.0
1929-04-01,5472.0,2952.0,33192.0,0.0
1929-05-01,4944.0,480.0,93312.0,0.0
1929-06-01,14496.0,672.0,125616.0,0.0
1929-07-01,9048.0,24.0,135864.0,0.0
1929-08-01,3336.0,0.0,0.0,0.0
1929-09-01,0.0,0.0,0.0,0.0
1929-10-01,0.0,0.0,0.0,0.0
1929-11-01,0.0,4848.0,240768.0,0.0
1929-12-01,10152.0,6000.0,351696.0,0.0
1930-01-01,18816.0,264.0,174984.0,0.0
1930-02-01,11568.0,0.0,269592.0,0.0
1930-03-01,24672.0,288.0,147072.0,0.0
1930-04-01,7776.0,192.0,159000.0,0.0
1930-05-01,14592.0,0.0,374208.0,0.0
1930-06-01,8376.0,144.0,73272.0,0.0
1930-07-01,2928.0,96.0,89208.0,0.0
1930-08-01,288.0,0.0,0.0,0.0
1930-09-01,0.0,0.0,0.0,0.0
1930-10-01,0.0,0.0,0.0,0.0
1930-11-01,0.0,120.0,237528.0,0.0
1930-12-01,3432.0,0.0,373968.0,0.0
1931-01-01,3678.0,108.0,186940.0,0.0
1931-02-01,7440.0,36.0,272144.0,0.0
1931-03-01,19898.0,24.0,244588.0,0.0
1931-04-01,17180.0,15.0,320660.0,0.0
1931-05-01,15660.0,152.0,269764.0,0.0
1931-06-01,15648.0,60.0,186916.0,0.0
1931-07-01,16704.0,0.0,80501.0,0.0
1931-08-01,11256.0,0.0,0.0,0.0
1931-09-01,0.0,0.0,0.0,0.0
1931-10-01,0.0,0.0,0.0,0.0
1931-11-01,0.0,1174.0,191144.0,0.0
1931-12-01,4476.0,1274.0,363944.0,0.0
1932-01-01,11702.0,358.0,318833.0,0.0
1932-02-01,13460.0,470.0,334716.0,0.0
1932-03-01,14092.0,1382.0,224286.0,0.0
1932-04-01,12138.0,448.0,225610.0,0.0
1932-05-01,15212.0,420.0,245336.0,0.0
1932-06-01,13758.0,18.0,193062.0,0.0
1932-07-01,15856.0,166.0,132100.0,0.0
1932-08-01,13184.0,0.0,0.0,0.0
1932-09-01,0.0,0.0,0.0,0.0
1932-10-01,0.0,0.0,0.0,0.0
1932-11-01,0.0,8760.0,213456.0,0.0
1932-12-01,7056.0,15376.0,402732.0,0.0
1933-01-01,12640.0,17116.0,300442.0,0.0
1933-02-01,14434.0,24430.0,293332.0,0.0
1933-03-01,13524.0,41750.0,310326.0,0.0
1933-04-01,16128.0,35366.0,297962.0,0.0
1933-05-01,12592.0,16550.0,267410.0,0.0
1933-06-01,17342.0,10948.0,278974.0,0.0
1933-07-01,16164.0,3430.0,396310.0,0.0
1933-08-01,16548.0,0.0,0.0,0.0
1933-09-01,0.0,0.0,0.0,0.0
1933-10-01,0.0,0.0,0.0,0.0
1933-11-01,0.0,16790.0,300012.0,0.0
1933-12-01,7352.0,21664.0,448958.0,0.0
1934-01-01,13264.0,23570.0,341774.0,0.0
1934-02-01,14332.0,31704.0,384264.0,0.0
1934-03-01,16836.0,27430.0,466474.0,0.0
1934-04-01,14213.0,26088.0,369944.0,0.0
1934-05-01,12948.0,20692.0,367986.0,0.0
1934-06-01,11904.0,12234.0,360020.0,0.0
1934-07-01,13122.0,3170.0,312792.0,0.0
1934-08-01,9804.0,0.0,0.0,0.0
1934-09-01,0.0,0.0,0.0,0.0
1934-10-01,0.0,0.0,0.0,0.0
1934-11-01,0.0,39896.0,303810.0,0.0
1934-12-01,4228.0,50488.0,515094.0,0.0
1935-01-01,18442.0,13154.0,403530.0,0.0
1935-02-01,17344.0,1216.0,403172.0,0.0
1935-03-01,16792.0,4076.0,432336.0,0.0
1935-04-01,11114.0,3286.0,385660.0,0.0
1935-05-01,15766.0,1818.0,358082.0,0.0
1935-06-01,18860.0,192.0,293792.0,0.0
1935-07-01,25374.0,182.0,157712.0,0.0
1935-08-01,24446.0,0.0,0.0,0.0
1935-09-01,0.0,0.0,0.0,0.0
1935-10-01,0.0,0.0,0.0,0.0
1935-11-01,0.0,2586.0,600210.0,0.0
1935-12-01,8380.0,170.0,462496.0,0.0
1936-01-01,20528.0,286.0,455538.0,0.0
1936-02-01,20114.0,408.0,353532.0,0.0
1936-03-01,20788.0,768.0,183298.0,0.0
1936-04-01,30214.0,54.0,172716.0,0.0
1936-05-01,32032.0,54.0,130820.0,0.0
1936-06-01,31364.0,36.0,58172.0,0.0
1936-07-01,34304.0,18.0,127084.0,0.0
1936-08-01,33960.0,0.0,19146.0,0.0
1936-09-01,0.0,0.0,0.0,0.0
1936-10-01,0.0,0.0,0.0,0.0
1936-11-01,0.0,4474.0,404042.0,0.0
1936-12-01,6596.0,158.0,171298.0,0.0
1937-01-01,24868.0,172.0,175096.0,0.0
1937-02-01,15876.0,426.0,205220.0,44.0
1937-03-01,1532.0,1206.0,59650.0,0.0
1937-04-01,2278.0,212.0,74412.0,0.0
1937-05-01,27176.0,8.0,65087.0,0.0
1937-06-01,27782.0,8.0,21044.0,0.0
1937-07-01,36882.0,6.0,32882.0,0.0
1937-08-01,37514.0,0.0,15454.0,0.0
1937-09-01,0.0,0.0,0.0,0.0
1937-10-01,0.0,0.0,0.0,0.0
1937-11-01,0.0,7500.0,365348.0,0.0
1937-12-01,18112.0,2570.0,409328.0,0.0
1938-01-01,28444.0,1872.0,313576.0,0.0
1938-02-01,19782.0,3532.0,319228.0,0.0
1938-03-01,18500.0,3536.0,197068.0,0.0
1938-04-01,36466.0,2498.0,383696.0,0.0
1938-05-01,73672.0,7170.0,403688.0,0.0
1938-06-01,43446.0,6868.0,261796.0,0.0
1938-07-01,143774.0,1502.0,249822.0,0.0
1938-08-01,135444.0,72.0,167454.0,0.0
1938-09-01,6972.0,0.0,0.0,0.0
1938-10-01,0.0,0.0,0.0,0.0
1938-11-01,1476.0,19200.0,452240.0,0.0
1938-12-01,23060.0,121720.0,421090.0,0.0
1939-01-01,41700.0,139748.0,300410.0,0.0
1939-02-01,112802.0,50890.0,277956.0,0.0
1939-03-01,265370.0,87574.0,362958.0,0.0
1939-04-01,369246.0,49532.0,344546.0,0.0
1939-05-01,393968.0,16962.0,373212.0,0.0
1939-06-01,305645.0,10122.0,377318.0,0.0
1939-07-01,271676.0,2402.0,427980.0,0.0
1939-08-01,186766.0,50.0,303702.0,0.0
1939-09-01,11700.0,0.0,0.0,0.0
1939-10-01,0.0,0.0,0.0,0.0
1939-11-01,0.0,12220.0,372888.0,0.0
1939-12-01,43536.0,8636.0,420446.0,0.0
1940-01-01,128882.0,4008.0,211822.0,0.0
1940-02-01,117034.0,5710.0,339384.0,0.0
1940-03-01,188230.0,4730.0,363264.0,0.0
1940-04-01,207004.0,4004.0,447634.0,0.0
1940-05-01,242550.0,1740.0,358676.0,0.0
1940-06-01,147744.0,1302.0,347288.0,0.0
1940-07-01,154950.0,614.0,402260.0,0.0
1940-08-01,64580.0,60.0,280914.0,0.0
1940-09-01,1368.0,0.0,0.0,0.0
1940-10-01,0.0,0.0,0.0,0.0
1940-11-01,0.0,1822.0,683484.0,0.0
1940-12-01,13826.0,2642.0,421400.0,0.0
1941-01-01,26252.0,4576.0,415208.0,0.0
1941-02-01,34586.0,3036.0,461716.0,0.0
1941-03-01,71798.0,5504.0,506860.0,0.0
1941-04-01,74698.0,5704.0,324650.0,0.0
1941-05-01,82104.0,8064.0,480704.0,0.0
1941-06-01,60630.0,2508.0,367540.0,0.0
1941-07-01,42480.0,3876.0,325516.0,0.0
1941-08-01,68992.0,926.0,272406.0,0.0
1941-09-01,1968.0,0.0,2904.0,0.0
1941-10-01,0.0,0.0,0.0,0.0
1941-11-01,0.0,7520.0,491518.0,0.0
1941-12-01,120.0,3962.0,101630.0,0.0
1942-01-01,23956.0,10084.0,85976.0,0.0
1942-02-01,45700.0,8676.0,154310.0,0.0
1942-03-01,78550.0,13854.0,148446.0,0.0
1942-04-01,195548.0,11846.0,140766.0,0.0
1942-05-01,200589.0,5362.0,258152.0,0.0
1942-06-01,89179.0,5064.0,185602.0,0.0
1942-07-01,43504.0,4510.0,145448.0,0.0
1942-08-01,11240.0,1370.0,61856.0,0.0
1942-09-01,0.0,0.0,0.0,0.0
1942-10-01,0.0,0.0,0.0,0.0
1942-11-01,0.0,7928.0,226426.0,0.0
1942-12-01,6220.0,11962.0,231962.0,0.0
1943-01-01,11072.0,14184.0,166500.0,0.0
1943-02-01,28032.0,10336.0,221172.0,0.0
1943-03-01,54164.0,7936.0,246140.0,0.0
1943-04-01,39074.0,7494.0,117618.0,0.0
1943-05-01,47866.0,5248.0,161670.0,0.0
1943-06-01,26730.0,3166.0,141882.0,0.0
1943-07-01,11312.0,1760.0,95414.0,0.0
1943-08-01,7878.0,46.0,38458.0,0.0
1943-09-01,0.0,0.0,44.0,0.0
1943-10-01,0.0,0.0,3888.0,0.0
1943-11-01,0.0,7770.0,534932.0,0.0
1943-12-01,2930.0,6784.0,293838.0,0.0
1944-01-01,6252.0,3078.0,184966.0,0.0
1944-02-01,15306.0,1068.0,229954.0,0.0
1944-03-01,40290.0,5356.0,346020.0,0.0
1944-04-01,82878.0,21086.0,268912.0,0.0
1944-05-01,72196.0,29454.0,276742.0,0.0
1944-06-01,23501.0,19327.0,205067.0,0.0
1944-07-01,37366.0,12598.0,191952.0,0.0
1944-08-01,58013.0,1146.0,56348.0,0.0
1944-09-01,1668.0,0.0,0.0,0.0
1944-10-01,0.0,0.0,0.0,0.0
1944-11-01,0.0,26323.0,360935.0,0.0
1944-12-01,28382.0,20049.0,308543.0,0.0
1945-01-01,46581.0,27004.0,322803.0,0.0
1945-02-01,64369.0,12656.0,162310.0,0.0
1945-03-01,57259.0,7164.0,169196.0,0.0
1945-04-01,225947.0,3329.0,215268.0,0.0
1945-05-01,375154.0,1242.0,239592.0,0.0
1945-06-01,256030.0,351.0,176975.0,351.0
1945-07-01,184545.0,0.0,155435.0,68.0
1945-08-01,102450.0,0.0,59645.0,146.0
1945-09-01,0.0,0.0,0.0,0.0
1945-10-01,0.0,0.0,0.0,0.0
1945-11-01,0.0,2128.0,857619.0,256.0
1945-12-01,48233.0,3964.0,555631.0,194.0
1946-01-01,130256.0,7404.0,557822.0,0.0
1946-02-01,248784.0,5681.0,483276.0,180.0
1946-03-01,606875.0,3030.0,237494.0,0.0
1946-04-01,1582431.0,2118.0,198261.0,338.0
1946-05-01,1724971.0,648.0,140405.0,0.0
1946-06-01,721805.0,170.0,141499.0,0.0
1946-07-01,532933.0,574.0,154326.0,0.0
1946-08-01,224681.0,1832.0,89267.0,0.0
1946-09-01,45.0,0.0,0.0,0.0
1946-10-01,0.0,0.0,4625.0,0.0
1946-11-01,690.0,32390.0,886443.0,38.0
1946-12-01,48927.0,8419.0,854726.0,0.0
1947-01-01,618501.0,2441.0,547330.0,0.0
1947-02-01,868637.0,7392.0,452555.0,0.0
1947-03-01,1068258.0,5718.0,163903.0,0.0
1947-04-01,992920.0,3220.0,240020.0,0.0
1947-05-01,1281117.0,3459.0,233987.0,0.0
1947-06-01,477777.0,2303.0,117194.0,0.0
1947-07-01,240677.0,2069.0,146572.0,0.0
1947-08-01,56067.0,310.0,51582.0,0.0
1947-09-01,0.0,0.0,0.0,0.0
1947-10-01,0.0,0.0,0.0,0.0
1947-11-01,275.0,11876.0,1589598.0,0.0
1947-12-01,0.0,13063.0,1534394.0,0.0
1948-01-01,231523.0,10062.0,745894.0,0.0
1948-02-01,817958.0,7926.0,388617.0,0.0
1948-03-01,1308429.0,8462.0,138406.0,0.0
1948-04-01,1578690.0,6292.0,73099.0,0.0
1948-05-01,1263026.0,3352.0,96339.0,0.0
1948-06-01,329502.0,1478.0,101709.0,0.0
1948-07-01,61053.0,2656.0,133059.0,0.0
1948-08-01,27531.0,1388.0,62096.0,0.0
1948-09-01,0.0,0.0,0.0,0.0
1948-10-01,0.0,0.0,0.0,0.0
1948-11-01,23796.0,6966.0,2949331.0,0.0
1948-12-01,213504.0,3349.0,1289392.0,0.0
1949-01-01,1133087.0,3840.0,395877.0,1489.0
1949-02-01,1017796.0,3376.0,235421.0,1681.0
1949-03-01,1143057.0,5063.0,64563.0,2854.0
1949-04-01,1179783.0,3428.0,67257.0,3081.0
1949-05-01,1659838.0,1504.0,133306.0,3495.0
1949-06-01,247597.0,378.0,75273.0,3954.0
1949-07-01,92198.0,560.0,76047.0,6101.0
1949-08-01,52626.0,0.0,112271.0,2895.0
1949-09-01,0.0,0.0,0.0,0.0
1949-10-01,0.0,0.0,0.0,0.0
1949-11-01,158598.0,3888.0,1175915.0,1710.0
1949-12-01,569674.0,2299.0,1471393.0,1322.0
1950-01-01,524859.0,1967.0,910825.0,6673.0
1950-02-01,1075910.0,3005.0,721408.0,13507.0
1950-03-01,979051.0,2397.0,206415.0,21630.0
1950-04-01,587910.0,7843.0,202075.0,40405.0
1950-05-01,580972.0,1038.0,171020.0,42022.0
1950-06-01,225740.0,241.0,72795.0,21284.0
1950-07-01,67807.0,579.0,183166.0,7396.0
1950-08-01,0.0,0.0,210.0,0.0
1950-09-01,0.0,0.0,1252.0,0.0
1950-10-01,0.0,0.0,0.0,554.0
1950-11-01,501598.0,2252.0,1420531.0,30960.0
1950-12-01,1703675.0,2859.0,1162773.0,197129.0
1951-01-01,1551529.0,1249.0,517745.0,54222.0
1951-02-01,1476375.0,2403.0,182818.0,55898.0
1951-03-01,1080932.0,3245.0,71797.0,18988.0
1951-04-01,1768789.0,1923.0,89097.0,44274.0
1951-05-01,695775.0,567.0,58575.0,23544.0
1951-06-01,214484.0,83.0,63154.0,5127.0
1951-07-01,71568.0,58.0,227217.0,3639.0
1951-08-01,0.0,0.0,0.0,0.0
1951-09-01,0.0,0.0,0.0,0.0
1951-10-01,0.0,0.0,0.0,297.0
1951-11-01,0.0,1787.0,1612540.0,748.0
1951-12-01,929901.0,3583.0,728974.0,3996.0
1952-01-01,1788152.0,3352.0,251915.0,3333.0
1952-02-01,1796056.0,3477.0,186590.0,35403.0
1952-03-01,1440407.0,1130.0,40187.0,21143.0
1952-04-01,1791766.0,881.0,62124.0,23300.0
1952-05-01,1121834.0,180.0,42763.0,7728.0
1952-06-01,285883.0,40.0,65533.0,1447.0
1952-07-01,100007.0,2.0,214129.0,360.0
1952-08-01,0.0,0.0,0.0,0.0
1952-09-01,0.0,0.0,0.0,0.0
1952-10-01,0.0,0.0,0.0,0.0
1952-11-01,35869.0,798.0,2011683.0,138.0
1952-12-01,599247.0,1689.0,1020041.0,67.0
1953-01-01,829279.0,2282.0,416550.0,1040.0
1953-02-01,617326.0,4107.0,302741.0,4400.0
1953-03-01,794000.0,2029.0,68585.0,7392.0
1953-04-01,458482.0,1864.0,38520.0,10021.0
1953-05-01,604060.0,115.0,65010.0,4892.0
1953-06-01,166394.0,156.0,64643.0,1395.0
1953-07-01,10705.0,6.0,126705.0,1000.0
1953-08-01,0.0,0.0,0.0,0.0
1953-09-01,0.0,0.0,0.0,0.0
1953-10-01,0.0,0.0,0.0,0.0
1953-11-01,0.0,1462.0,1787539.0,373.0
1953-12-01,622518.0,1576.0,1255597.0,2101.0
1954-01-01,1364741.0,1725.0,373926.0,2307.0
1954-02-01,888708.0,3314.0,166130.0,5534.0
1954-03-01,702863.0,1553.0,40416.0,17088.0
1954-04-01,439105.0,218.0,50958.0,19577.0
1954-05-01,253861.0,6.0,39302.0,9276.0
1954-06-01,20649.0,575.0,91686.0,291.0
1954-07-01,15332.0,205.0,83228.0,566.0
1954-08-01,0.0,0.0,0.0,0.0
1954-09-01,0.0,0.0,0.0,0.0
1954-10-01,0.0,0.0,0.0,0.0
1954-11-01,0.0,596.0,1822757.0,234.0
1954-12-01,57520.0,1043.0,1352122.0,796.0
1955-01-01,418883.0,390.0,424163.0,6608.0
1955-02-01,410694.0,854.0,163923.0,18930.0
1955-03-01,321055.0,1914.0,88360.0,18562.0
1955-04-01,114483.0,2460.0,20677.0,17506.0
1955-05-01,87694.0,1439.0,27626.0,9985.0
1955-06-01,79594.0,555.0,90623.0,8542.0
1955-07-01,29152.0,652.0,247535.0,0.0
1955-08-01,0.0,0.0,286.0,0.0
1955-09-01,0.0,0.0,0.0,0.0
1955-10-01,0.0,0.0,0.0,0.0
1955-11-01,0.0,792.0,1683012.0,2226.0
1955-12-01,78473.0,405.0,1720358.0,15473.0
1956-01-01,1295701.0,906.0,742716.0,57680.0
1956-02-01,1796424.0,4600.0,451436.0,51483.0
1956-03-01,1901183.0,4157.0,94193.0,31860.0
1956-04-01,1558196.0,521.0,32591.0,54552.0
1956-05-01,1115089.0,0.0,47217.0,23584.0
1956-06-01,317905.0,0.0,0.0,0.0
1956-07-01,0.0,0.0,0.0,0.0
1956-08-01,0.0,0.0,0.0,0.0
1956-09-01,0.0,0.0,0.0,0.0
1956-10-01,0.0,0.0,0.0,0.0
1956-11-01,40.0,8828.0,1684660.0,25803.0
1956-12-01,4146.0,12193.0,2921848.0,80657.0
1957-01-01,636935.0,12543.0,2157886.0,71338.0
1957-02-01,1449000.0,12119.0,1365185.0,39487.0
1957-03-01,2471384.0,10356.0,449825.0,38988.0
1957-04-01,2503039.0,7209.0,195594.0,40839.0
1957-05-01,1817779.0,3489.0,141757.0,16090.0
1957-06-01,1097931.0,40.0,2417.0,0.0
1957-07-01,0.0,0.0,0.0,0.0
1957-08-01,0.0,0.0,0.0,0.0
1957-09-01,0.0,0.0,0.0,0.0
1957-10-01,0.0,0.0,0.0,0.0
1957-11-01,0.0,21252.0,1746561.0,21466.0
1957-12-01,227940.0,26784.0,2500687.0,32564.0
1958-01-01,1755708.0,27585.0,1402697.0,24923.0
1958-02-01,2335096.0,21603.0,646817.0,28822.0
1958-03-01,2737893.0,16062.0,537351.0,29413.0
1958-04-01,1304970.0,10509.0,230486.0,9384.0
1958-05-01,905903.0,6275.0,326889.0,9229.0
1958-06-01,314209.0,0.0,0.0,0.0
1958-07-01,28558.0,0.0,0.0,0.0
1958-08-01,0.0,0.0,0.0,0.0
1958-09-01,0.0,0.0,0.0,0.0
1958-10-01,0.0,0.0,0.0,0.0
1958-11-01,145.0,14415.0,2534384.0,16943.0
1958-12-01,200517.0,30615.0,1726954.0,48411.0
1959-01-01,3716754.0,14742.0,216005.0,52963.0
1959-02-01,3097721.0,21967.0,209877.0,59189.0
1959-03-01,2276677.0,13698.0,176317.0,49772.0
1959-04-01,2134771.0,6545.0,80684.0,41127.0
1959-05-01,837818.0,3202.0,69763.0,17794.0
1959-06-01,100915.0,0.0,230.0,2507.0
1959-07-01,12251.0,0.0,0.0,0.0
1959-08-01,0.0,0.0,0.0,0.0
1959-09-01,0.0,0.0,0.0,0.0
1959-10-01,0.0,0.0,0.0,0.0
1959-11-01,0.0,39621.0,2138093.0,51292.0
1959-12-01,703723.0,24424.0,1051425.0,40394.0
1960-01-01,4034986.0,9183.0,404868.0,36114.0
1960-02-01,1276766.0,8036.0,218653.0,16302.0
1960-03-01,2273704.0,9159.0,336742.0,37208.0
1960-04-01,1171115.0,3676.0,344293.0,49473.0
1960-05-01,1049827.0,815.0,289974.0,27200.0
1960-06-01,206031.0,18.0,90.0,0.0
1960-07-01,11980.0,0.0,0.0,0.0
1960-08-01,0.0,0.0,0.0,0.0
1960-09-01,0.0,0.0,0.0,0.0
1960-10-01,0.0,0.0,0.0,0.0
1960-11-01,0.0,15203.0,1349299.0,6284.0
1960-12-01,1243856.0,8590.0,425189.0,4841.0
1961-01-01,3649197.0,4079.0,253636.0,8395.0
1961-02-01,2614009.0,3542.0,172510.0,11607.0
1961-03-01,701493.0,1400.0,51011.0,4433.0
1961-04-01,984997.0,185.0,29702.0,11332.0
1961-05-01,673285.0,0.0,21907.0,19081.0
1961-06-01,159909.0,0.0,350.0,620.0
1961-07-01,9320.0,0.0,0.0,0.0
1961-08-01,0.0,0.0,0.0,0.0
1961-09-01,0.0,0.0,0.0,0.0
1961-10-01,0.0,0.0,0.0,0.0
1961-11-01,0.0,3835.0,250912.0,247.0
1961-12-01,1781429.0,2998.0,285491.0,313.0
1962-01-01,975126.0,1934.0,72044.0,706.0
1962-02-01,182701.0,2550.0,43274.0,1713.0
1962-03-01,118832.0,3196.0,19548.0,515.0
1962-04-01,38041.0,579.0,5857.0,1115.0
1962-05-01,77091.0,0.0,13849.0,3522.0
1962-06-01,71732.0,0.0,19375.0,1798.0
1962-07-01,6366.0,0.0,0.0,0.0
1962-08-01,0.0,0.0,0.0,0.0
1962-09-01,0.0,0.0,0.0,0.0
1962-10-01,0.0,0.0,0.0,0.0
1962-11-01,0.0,2464.0,812804.0,287.0
1962-12-01,381565.0,1583.0,362401.0,12.0
1963-01-01,290483.0,560.0,120930.0,12.0
1963-02-01,64007.0,1480.0,71205.0,60.0
1963-03-01,41353.0,1951.0,16272.0,485.0
1963-04-01,58460.0,517.0,24155.0,1170.0
1963-05-01,56982.0,41.0,11568.0,336.0
1963-06-01,7402.0,0.0,10445.0,197.0
1963-07-01,481.0,0.0,0.0,0.0
1963-08-01,0.0,20.0,0.0,0.0
1963-09-01,0.0,0.0,0.0,0.0
1963-10-01,0.0,0.0,0.0,0.0
1963-11-01,0.0,960.0,722411.0,53.0
1963-12-01,210861.0,3230.0,233333.0,41.0
1964-01-01,230882.0,980.0,127141.0,161.0
1964-02-01,95277.0,3307.0,55813.0,189.0
1964-03-01,107243.0,1241.0,9537.0,537.0
1964-04-01,85486.0,145.0,5430.0,889.0
1964-05-01,62507.0,52.0,4510.0,237.0
1964-06-01,19377.0,0.0,13129.0,12.0
1964-07-01,3364.0,0.0,0.0,0.0
1964-08-01,0.0,0.0,0.0,0.0
1964-09-01,0.0,0.0,0.0,0.0
1964-10-01,0.0,0.0,0.0,0.0
1964-11-01,0.0,1284.0,430153.0,53.0
1964-12-01,380304.0,771.0,175296.0,56.0
1965-01-01,1389047.0,1457.0,66095.0,196.0
1965-02-01,1077132.0,939.0,60560.0,384.0
1965-03-01,608749.0,625.0,11574.0,728.0
1965-04-01,327501.0,568.0,11481.0,1764.0
1965-05-01,143604.0,130.0,3193.0,948.0
1965-06-01,51363.0,0.0,2050.0,264.0
1965-07-01,1297.0,0.0,0.0,0.0
1965-08-01,0.0,0.0,0.0,0.0
1965-09-01,0.0,0.0,0.0,0.0
1965-10-01,0.0,0.0,0.0,0.0
1965-11-01,0.0,1010.0,335972.0,100.0
1965-12-01,636758.0,2188.0,66164.0,65.0
1966-01-01,1804493.0,630.0,31404.0,73.0
1966-02-01,2896930.0,684.0,6182.0,304.0
1966-03-01,2378366.0,232.0,1606.0,2109.0
1966-04-01,1532702.0,110.0,1186.0,1382.0
1966-05-01,643746.0,40.0,3003.0,338.0
1966-06-01,87968.0,0.0,1377.0,0.0
1966-07-01,4605.0,0.0,0.0,0.0
1966-08-01,0.0,0.0,0.0,0.0
1966-09-01,0.0,0.0,0.0,0.0
1966-10-01,0.0,0.0,0.0,0.0
1966-11-01,4852.0,885.0,220614.0,697.0
1966-12-01,2692990.0,330.0,55468.0,1034.0
1967-01-01,2280473.0,260.0,35739.0,737.0
1967-02-01,2522531.0,757.0,67946.0,892.0
1967-03-01,1502833.0,292.0,7414.0,2205.0
1967-04-01,699022.0,0.0,4982.0,1358.0
1967-05-01,549427.0,0.0,3741.0,258.0
1967-06-01,45689.0,0.0,563.0,79.0
1967-07-01,1352.0,0.0,0.0,0.0
1967-08-01,0.0,0.0,0.0,0.0
1967-09-01,0.0,0.0,0.0,0.0
1967-10-01,0.0,0.0,0.0,0.0
1967-11-01,0.0,66.0,566023.0,4.0
1967-12-01,3171661.0,132.0,249946.0,106.0
1968-01-01,4656661.0,218.0,80572.0,88.0
1968-02-01,2582753.0,5.0,80208.0,79.0
1968-03-01,849687.0,204.0,18421.0,96.0
1968-04-01,472903.0,74.0,9892.0,1108.0
1968-05-01,379848.0,58.0,6013.0,543.0
1968-06-01,28734.0,0.0,2514.0,102.0
1968-07-01,606.0,0.0,0.0,0.0
1968-08-01,0.0,0.0,0.0,0.0
1968-09-01,0.0,0.0,0.0,0.0
1968-10-01,0.0,0.0,0.0,0.0
1968-11-01,200.0,79.0,451231.0,0.0
1968-12-01,6204462.0,383.0,187826.0,13.0
1969-01-01,3884271.0,427.0,107061.0,43.0
1969-02-01,896653.0,626.0,58072.0,0.0
1969-03-01,804515.0,1481.0,16383.0,0.0
1969-04-01,318776.0,335.0,5267.0,0.0
1969-05-01,611061.0,0.0,5558.0,50.0
1969-06-01,118853.0,0.0,1426.0,0.0
1969-07-01,13524.0,0.0,0.0,0.0
1969-08-01,0.0,0.0,0.0,0.0
1969-09-01,0.0,0.0,0.0,0.0
1969-10-01,0.0,0.0,0.0,0.0
1969-11-01,0.0,229.0,760349.0,0.0
1969-12-01,14048.0,299.0,319421.0,0.0
1970-01-01,6296047.0,253.0,177929.0,0.0
1970-02-01,5082229.0,473.0,122419.0,12.0
1970-03-01,1209917.0,376.0,35745.0,93.0
1970-04-01,804013.0,0.0,22982.0,573.0
1970-05-01,541695.0,30.0,20764.0,454.0
1970-06-01,144800.0,26.0,18032.0,0.0
1970-07-01,19016.0,0.0,0.0,0.0
1970-08-01,0.0,0.0,0.0,0.0
1970-09-01,0.0,0.0,0.0,0.0
1970-10-01,0.0,0.0,0.0,0.0
1970-11-01,0.0,104.0,216592.0,0.0
1970-12-01,447845.0,13.0,251157.0,0.0
1971-01-01,25920.0,148.0,86389.0,0.0
1971-02-01,2813310.0,248.0,50718.0,108.0
1971-03-01,3108968.0,119.0,35601.0,936.0
1971-04-01,391544.0,8.0,2201.0,1939.0
1971-05-01,554734.0,0.0,1832.0,1173.0
1971-06-01,405975.0,0.0,12808.0,20.0
1971-07-01,67532.0,0.0,0.0,0.0
1971-08-01,22221.0,0.0,0.0,0.0
1971-09-01,0.0,0.0,0.0,24.0
1971-10-01,0.0,0.0,0.0,0.0
1971-11-01,0.0,16.0,123027.0,36.0
1971-12-01,1882765.0,14.0,71906.0,25.0
1972-01-01,251413.0,113.0,35035.0,92.0
1972-02-01,99727.0,128.0,38158.0,375.0
1972-03-01,79507.0,0.0,24085.0,1516.0
1972-04-01,36664.0,0.0,4296.0,6307.0
1972-05-01,96357.0,0.0,6239.0,4627.0
1972-06-01,54472.0,0.0,16429.0,1137.0
1972-07-01,21548.0,0.0,0.0,0.0
1972-08-01,23060.0,0.0,0.0,0.0
1972-09-01,0.0,0.0,0.0,0.0
1972-10-01,0.0,0.0,0.0,0.0
1972-11-01,0.0,0.0,151829.0,1047.0
1972-12-01,543761.0,46.0,59324.0,5714.0
1973-01-01,224657.0,31.0,37285.0,5971.0
1973-02-01,156297.0,144.0,26705.0,7302.0
1973-03-01,31604.0,99.0,9218.0,6965.0
1973-04-01,69154.0,74.0,3239.0,9601.0
1973-05-01,60356.0,0.0,2635.0,8265.0
1973-06-01,35254.0,0.0,1406.0,8716.0
1973-07-01,16561.0,0.0,0.0,0.0
1973-08-01,16993.0,0.0,0.0,7.0
1973-09-01,0.0,0.0,0.0,0.0
1973-10-01,0.0,0.0,0.0,6.0
1973-11-01,0.0,29.0,128429.0,8743.0
1973-12-01,0.0,322.0,129757.0,17048.0
1974-01-01,58690.0,555.0,55981.0,12956.0
1974-02-01,105115.0,554.0,68092.0,18966.0
1974-03-01,79960.0,480.0,15175.0,14046.0
1974-04-01,51074.0,34.0,5186.0,19866.0
1974-05-01,43041.0,0.0,80.0,21728.0
1974-06-01,9529.0,0.0,0.0,8414.0
1974-07-01,1384.0,0.0,0.0,0.0
1974-08-01,4324.0,0.0,0.0,0.0
1974-09-01,0.0,0.0,0.0,0.0
1974-10-01,0.0,0.0,0.0,0.0
1974-11-01,0.0,328.0,43989.0,3952.0
1974-12-01,789.0,652.0,34675.0,4354.0
1975-01-01,503291.0,719.0,38218.0,13667.0
1975-02-01,444704.0,474.0,53251.0,22881.0
1975-03-01,177945.0,185.0,10547.0,23543.0
1975-04-01,59015.0,20.0,6639.0,35650.0
1975-05-01,194727.0,0.0,18846.0,16828.0
1975-06-01,66714.0,0.0,24131.0,2559.0
1975-07-01,10538.0,0.0,680.0,0.0
1975-08-01,0.0,0.0,0.0,0.0
1975-09-01,0.0,0.0,0.0,0.0
1975-10-01,0.0,0.0,0.0,0.0
1975-11-01,0.0,176.0,135096.0,85.0
1975-12-01,2038571.0,64.0,34632.0,267.0
1976-01-01,4953908.0,0.0,36700.0,484.0
1976-02-01,2720544.0,0.0,39355.0,3757.0
1976-03-01,3323425.0,0.0,37738.0,4534.0
1976-04-01,2132101.0,0.0,13238.0,760.0
1976-05-01,1250855.0,0.0,17024.0,821.0
1976-06-01,457845.0,0.0,25072.0,1909.0
1976-07-01,142456.0,0.0,50.0,191.0
1976-08-01,36632.0,0.0,0.0,0.0
1976-09-01,0.0,0.0,0.0,0.0
1976-10-01,0.0,0.0,2040.0,0.0
1976-11-01,0.0,1125.0,376565.0,1257.0
1976-12-01,6043.0,0.0,137873.0,2472.0
1977-01-01,1259575.0,0.0,60292.0,3251.0
1977-02-01,4608018.0,61.0,20163.0,1149.0
1977-03-01,6975731.0,0.0,11089.0,552.0
1977-04-01,5162352.0,0.0,14134.0,154.0
1977-05-01,5241480.0,0.0,3304.0,863.0
1977-06-01,1527653.0,0.0,1061.0,38.0
1977-07-01,819144.0,0.0,296.0,82.0
1977-08-01,204850.0,0.0,0.0,0.0
1977-09-01,0.0,0.0,0.0,0.0
1977-10-01,0.0,0.0,0.0,0.0
1977-11-01,0.0,843.0,865.0,5521.0
1977-12-01,7524825.0,7154.0,188100.0,3346.0
1978-01-01,2689868.0,1093.0,158382.0,2627.0
1978-02-01,1127549.0,518.0,116032.0,9551.0
1978-03-01,999121.0,1030.0,77207.0,8913.0
1978-04-01,597594.0,431.0,35685.0,8428.0
1978-05-01,249908.0,7.0,16899.0,18649.0
1978-06-01,71767.0,2.0,15858.0,11144.0
1978-07-01,13385.0,0.0,1751.0,3898.0
1978-08-01,0.0,21.0,0.0,2566.0
1978-09-01,0.0,0.0,0.0,4554.0
1978-10-01,1600.0,892.0,0.0,762.0
1978-11-01,0.0,891.0,366832.0,3725.0
1978-12-01,2575719.0,1265.0,153451.0,3297.0
1979-01-01,4082333.0,752.0,29622.0,14059.0
1979-02-01,515937.0,1088.0,48683.0,12581.0
1979-03-01,386200.0,808.0,75220.0,7488.0
1979-04-01,194500.0,558.0,25125.0,12055.0
1979-05-01,100309.0,1344.0,30331.0,233.0
1979-06-01,24908.0,152.0,42908.0,494.0
1979-07-01,5851.0,0.0,28506.0,95.0
1979-08-01,40032.0,0.0,3273.0,228.0
1979-09-01,168.0,0.0,0.0,419.0
1979-10-01,1024.0,142.0,1255.0,76.0
1979-11-01,1230.0,1282.0,294601.0,2340.0
1979-12-01,6884184.0,719.0,91367.0,13611.0
1980-01-01,4249268.0,1351.0,82277.0,25174.0
1980-02-01,1006611.0,763.0,56692.0,7407.0
1980-03-01,312947.0,914.0,55464.0,3105.0
1980-04-01,351478.0,351.0,33222.0,7923.0
1980-05-01,267108.0,365.0,25127.0,474.0
1980-06-01,65341.0,84.0,37822.0,191.0
1980-07-01,26748.0,0.0,3269.0,172.0
1980-08-01,71731.0,0.0,96.0,30.0
1980-09-01,25.0,421.0,1840.0,8537.0
1980-10-01,8812.0,0.0,0.0,0.0
1980-11-01,12398.0,572.0,263494.0,55.0
1980-12-01,8871792.0,412.0,63512.0,4007.0
1981-01-01,354691.0,623.0,25370.0,187.0
1981-02-01,292601.0,1123.0,38269.0,585.0
1981-03-01,96230.0,257.0,32368.0,278.0
1981-04-01,70533.0,466.0,44449.0,2993.0
1981-05-01,53113.0,253.0,30147.0,2387.0
1981-06-01,9062.0,183.0,20030.0,240.0
1981-07-01,2821.0,8.0,9519.0,9.0
1981-08-01,14127.0,8300.0,0.0,508.0
1981-09-01,40.0,3666.0,0.0,375.0
1981-10-01,0.0,0.0,0.0,1206.0
1981-11-01,0.0,200.0,122521.0,868.0
1981-12-01,2108757.0,535.0,22486.0,868.0
1982-01-01,293911.0,469.0,11469.0,429.0
1982-02-01,201152.0,502.0,17270.0,995.0
1982-03-01,34370.0,429.0,9037.0,78.0
1982-04-01,78084.0,230.0,7912.0,157.0
1982-05-01,38732.0,148.0,8723.0,143.0
1982-06-01,8107.0,62.0,7251.0,745.0
1982-07-01,1377.0,0.0,422.0,25.0
1982-08-01,750.0,0.0,0.0,2960.0
1982-09-01,0.0,0.0,8.0,403.0
1982-10-01,0.0,0.0,1294.0,0.0
1982-11-01,9939.0,300.0,377552.0,45.0
1982-12-01,728384.0,502.0,59423.0,324.0
1983-01-01,145087.0,659.0,28243.0,63.0
1983-02-01,10203.0,907.0,22522.0,55.0
1983-03-01,7624.0,1276.0,41152.0,138.0
1983-04-01,56010.0,533.0,23771.0,59.0
1983-05-01,25582.0,184.0,13805.0,1185.0
1983-06-01,5968.0,52.0,10509.0,2124.0
1983-07-01,3425.0,0.0,722.0,1825.0
1983-08-01,123.0,0.0,0.0,2583.0
1983-09-01,0.0,60.0,973.0,4872.0
1983-10-01,0.0,0.0,150.0,4022.0
1983-11-01,539.0,941.0,350508.0,1762.0
1983-12-01,3080047.0,662.0,133492.0,871.0
1984-01-01,480927.0,911.0,113156.0,3713.0
1984-02-01,107194.0,6724.0,90834.0,2547.0
1984-03-01,50780.0,3812.0,25053.0,4700.0
1984-04-01,142418.0,15205.0,54528.0,3615.0
1984-05-01,66375.0,217.0,36999.0,2646.0
1984-06-01,12539.0,11.0,26918.0,2016.0
1984-07-01,6326.0,0.0,22430.0,1862.0
1984-08-01,22252.0,10.0,7353.0,2037.0
1984-09-01,757.0,295.0,97.0,1383.0
1984-10-01,19512.0,16.0,985.0,1746.0
1984-11-01,795.0,445.0,167792.0,928.0
1984-12-01,2725904.0,605.0,81654.0,1258.0
1985-01-01,327513.0,630.0,124342.0,585.0
1985-02-01,118687.0,1539.0,112772.0,2307.0
1985-03-01,56106.0,805.0,31459.0,1246.0
1985-04-01,52250.0,8877.0,40559.0,1597.0
1985-05-01,40174.0,175.0,24487.0,1145.0
1985-06-01,11954.0,177.0,16682.0,1167.0
1985-07-01,5505.0,0.0,522.0,2613.0
1985-08-01,0.0,0.0,0.0,34.0
1985-09-01,0.0,0.0,0.0,0.0
1985-10-01,26.0,0.0,0.0,0.0
1985-11-01,252.0,43.0,192392.0,1087.0
1985-12-01,3250396.0,12.0,44440.0,2608.0
1986-01-01,324950.0,29.0,25259.0,732.0
1986-02-01,76248.0,118.0,32137.0,830.0
1986-03-01,39232.0,57.0,43958.0,929.0
1986-04-01,31957.0,74.0,17216.0,1170.0
1986-05-01,72943.0,0.0,20060.0,1136.0
1986-06-01,9124.0,0.0,11894.0,525.0
1986-07-01,2347.0,0.0,740.0,17.0
1986-08-01,97.0,12.0,0.0,17.0
1986-09-01,0.0,164.0,0.0,25.0
1986-10-01,42.0,0.0,0.0,0.0
1986-11-01,658.0,108.0,734295.0,9.0
1986-12-01,5003737.0,63.0,317930.0,1151.0
1987-01-01,394351.0,26.0,192437.0,161.0
1987-02-01,174316.0,567.0,177258.0,345.0
1987-03-01,103244.0,501.0,71969.0,388.0
1987-04-01,52641.0,306.0,53271.0,553.0
1987-05-01,39398.0,4.0,35491.0,563.0
1987-06-01,22245.0,181.0,35464.0,438.0
1987-07-01,11020.0,251.0,1380.0,588.0
1987-08-01,166.0,194.0,0.0,327.0
1987-09-01,708.0,208.0,3150.0,71.0
1987-10-01,0.0,9593.0,1286.0,654.0
1987-11-01,5824.0,1748.0,808599.0,2893.0
1987-12-01,3512601.0,4705.0,929275.0,1408.0
1988-01-01,1169568.0,4153.0,403752.0,110.0
1988-02-01,500102.0,4632.0,456901.0,147.0
1988-03-01,114330.0,9795.0,182524.0,1552.0
1988-04-01,145526.0,7934.0,189400.0,308.0
1988-05-01,152406.0,143.0,64044.0,472.0
1988-06-01,23701.0,23.0,62089.0,118.0
1988-07-01,2679.0,0.0,150.0,0.0
1988-08-01,70.0,0.0,0.0,18.0
1988-09-01,0.0,0.0,0.0,16.0
1988-10-01,37.0,15.0,0.0,444.0
1988-11-01,7591.0,13610.0,960743.0,573.0
1988-12-01,6533590.0,27357.0,245542.0,552.0
1989-01-01,588333.0,18595.0,121765.0,990.0
1989-02-01,394987.0,11192.0,82707.0,1505.0
1989-03-01,183146.0,5369.0,47770.0,2593.0
1989-04-01,144972.0,3602.0,30609.0,2397.0
1989-05-01,112436.0,72.0,12249.0,528.0
1989-06-01,17354.0,4.0,11856.0,482.0
1989-07-01,2770.0,762.0,0.0,6.0
1989-08-01,0.0,0.0,0.0,0.0
1989-09-01,0.0,0.0,0.0,0.0
1989-10-01,0.0,0.0,0.0,2.0
1989-11-01,1999.0,20168.0,440083.0,4888.0
1989-12-01,3280856.0,11259.0,151982.0,3497.0
1990-01-01,176647.0,5547.0,53387.0,7369.0
1990-02-01,42797.0,6756.0,47469.0,8581.0
1990-03-01,97830.0,3616.0,23106.0,16185.0
1990-04-01,140662.0,2974.0,11784.0,7425.0
1990-05-01,53318.0,69.0,14474.0,938.0
1990-06-01,8699.0,0.0,20858.0,923.0
1990-07-01,6202.0,0.0,1343.0,700.0
1990-08-01,33.0,0.0,0.0,73.0
1990-09-01,0.0,479.0,0.0,260.0
1990-10-01,0.0,481.0,5910.0,727.0
1990-11-01,0.0,18892.0,685994.0,5176.0
1990-12-01,8714876.0,7424.0,152355.0,11757.0
1991-01-01,1434323.0,5763.0,98041.0,13487.0
1991-02-01,231499.0,6641.0,106970.0,8445.0
1991-03-01,96567.0,3308.0,52838.0,7880.0
1991-04-01,65499.0,4076.0,53291.0,9150.0
1991-05-01,41333.0,457.0,47316.0,6743.0
1991-06-01,12007.0,173.0,55079.0,3911.0
1991-07-01,6943.0,76.0,9.0,8.0
1991-08-01,938.0,66.0,63.0,150.0
1991-09-01,0.0,0.0,0.0,199.0
1991-10-01,0.0,89.0,0.0,145.0
1991-11-01,1770.0,12757.0,259025.0,17134.0
1991-12-01,1306568.0,19163.0,238773.0,8747.0
1992-01-01,6020359.0,8422.0,95290.0,11120.0
1992-02-01,911080.0,8677.0,160525.0,10309.0
1992-03-01,159819.0,6378.0,68975.0,11594.0
1992-04-01,206160.0,6407.0,88017.0,14824.0
1992-05-01,43525.0,1774.0,56367.0,7535.0
1992-06-01,20504.0,357.0,28357.0,4347.0
1992-07-01,8547.0,325.0,130.0,376.0
1992-08-01,43.0,0.0,0.0,19.0
1992-09-01,0.0,7.0,0.0,0.0
1992-10-01,0.0,40.0,0.0,0.0
1992-11-01,843.0,11719.0,132472.0,17591.0
1992-12-01,141824.0,7000.0,31838.0,16218.0
1993-01-01,120373.0,2527.0,31013.0,22002.0
1993-02-01,7848953.0,3420.0,44637.0,26158.0
1993-03-01,1129319.0,2323.0,18869.0,24478.0
1993-04-01,177610.0,796.0,3982.0,19120.0
1993-05-01,156079.0,2008.0,3607.0,16373.0
1993-06-01,29479.0,0.0,1798.0,6630.0
1993-07-01,6073.0,0.0,0.0,41.0
1993-08-01,0.0,78.0,0.0,5.0
1993-09-01,0.0,0.0,0.0,29.0
1993-10-01,4264.0,458.0,0.0,32.0
1993-11-01,0.0,8207.0,220807.0,22386.0
1993-12-01,2060657.0,10718.0,70717.0,27272.0
1994-01-01,2939252.0,8516.0,88707.0,32196.0
1994-02-01,286610.0,9806.0,98883.0,44761.0
1994-03-01,147895.0,8401.0,47851.0,53662.0
1994-04-01,45648.0,3466.0,35704.0,49280.0
1994-05-01,39883.0,362.0,16999.0,18251.0
1994-06-01,19369.0,1752.0,14811.0,6611.0
1994-07-01,6463.0,0.0,266.0,67.0
1994-08-01,0.0,0.0,0.0,0.0
1994-09-01,40.0,0.0,0.0,0.0
1994-10-01,0.0,0.0,0.0,0.0
1994-11-01,6590.0,13619.0,466637.0,10679.0
1994-12-01,7501168.0,73657.0,1363688.0,9662.0
1995-01-01,1119268.0,8123.0,226419.0,4407.0
1995-02-01,836409.0,28824.0,444310.0,10024.0
1995-03-01,212026.0,21216.0,196044.0,2623.0
1995-04-01,168030.0,10431.0,102180.0,16511.0
1995-05-01,137980.0,1753.0,93330.0,5706.0
1995-06-01,36671.0,2300.0,63876.0,1932.0
1995-07-01,24411.0,586.0,0.0,0.0
1995-08-01,0.0,0.0,0.0,0.0
1995-09-01,0.0,0.0,0.0,0.0
1995-10-01,1049.0,0.0,0.0,0.0
1995-11-01,6166.0,78291.0,1015585.0,2332.0
1995-12-01,3934176.0,23687.0,354570.0,829.0
1996-01-01,6084448.0,3231.0,124024.0,1335.0
1996-02-01,1614560.0,1986.0,129621.0,2820.0
1996-03-01,577665.0,2660.0,118885.0,3876.0
1996-04-01,340720.0,2295.0,57728.0,4461.0
1996-05-01,349479.0,117.0,42363.0,6926.0
1996-06-01,160711.0,150.0,63177.0,2626.0
1996-07-01,52625.0,0.0,7299.0,25.0
1996-08-01,0.0,0.0,0.0,40.0
1996-09-01,0.0,91.0,0.0,0.0
1996-10-01,0.0,0.0,0.0,50.0
1996-11-01,842.0,10246.0,707497.0,1229.0
1996-12-01,1470512.0,12894.0,353257.0,1254.0
1997-01-01,386832.0,8915.0,274479.0,768.0
1997-02-01,134736.0,9916.0,128084.0,593.0
1997-03-01,41496.0,8899.0,73857.0,1281.0
1997-04-01,73219.0,6810.0,55461.0,1321.0
1997-05-01,46948.0,3088.0,66101.0,2233.0
1997-06-01,19804.0,2448.0,60398.0,2324.0
1997-07-01,16965.0,0.0,9506.0,411.0
1997-08-01,0.0,0.0,0.0,0.0
1997-09-01,0.0,0.0,0.0,0.0
1997-10-01,614.0,0.0,7593.0,0.0
1997-11-01,3917.0,4017.0,1023042.0,365.0
1997-12-01,6625866.0,10664.0,786410.0,1171.0
1998-01-01,507624.0,6806.0,567423.0,4363.0
1998-02-01,135104.0,2852.0,259016.0,2851.0
1998-03-01,285820.0,12923.0,400598.0,4950.0
1998-04-01,141060.0,11255.0,300319.0,1289.0
1998-05-01,67581.0,2234.0,122754.0,81.0
1998-06-01,17431.0,1214.0,70221.0,250.0
1998-07-01,11606.0,0.0,6331.0,0.0
1998-08-01,0.0,0.0,0.0,0.0
1998-09-01,0.0,0.0,0.0,157.0
1998-10-01,0.0,30.0,0.0,0.0
1998-11-01,2523.0,8671.0,623418.0,2281.0
1998-12-01,6782668.0,6733.0,312212.0,2671.0
1999-01-01,1108114.0,4135.0,110506.0,1309.0
1999-02-01,189633.0,2091.0,83439.0,0.0
1999-03-01,184703.0,3613.0,46725.0,151.0
1999-04-01,114174.0,3469.0,29041.0,0.0
1999-05-01,147170.0,1020.0,21641.0,0.0
1999-06-01,45989.0,428.0,27611.0,15.0
1999-07-01,14350.0,0.0,3431.0,0.0
1999-08-01,0.0,0.0,0.0,0.0
1999-09-01,0.0,0.0,0.0,0.0
1999-10-01,9494.0,0.0,0.0,0.0
1999-11-01,602.0,3165.0,378024.0,67.0
1999-12-01,5930736.0,7111.0,240301.0,0.0
2000-01-01,1051960.0,4003.0,77580.0,366.0
2000-02-01,389341.0,3468.0,64315.0,570.0
2000-03-01,136063.0,4199.0,53474.0,721.0
2000-04-01,184328.0,2820.0,46082.0,1114.0
2000-05-01,93136.0,1078.0,22615.0,1400.0
2000-06-01,27793.0,35.0,27031.0,1086.0
2000-07-01,9624.0,0.0,1945.0,0.0
2000-08-01,0.0,0.0,514.0,0.0
2000-09-01,0.0,0.0,0.0,0.0
2000-10-01,0.0,400.0,0.0,0.0
2000-11-01,5977.0,4193.0,674222.0,31.0
2000-12-01,3247191.0,7885.0,325701.0,90.0
2001-01-01,353000.0,2718.0,153504.0,41.0
2001-02-01,188103.0,2802.0,107351.0,302.0
2001-03-01,95296.0,2509.0,88706.0,1220.0
2001-04-01,43962.0,2742.0,84912.0,2300.0
2001-05-01,30856.0,845.0,129301.0,3331.0
2001-06-01,16656.0,2029.0,84433.0,1471.0
2001-07-01,12832.0,211.0,2252.0,0.0
2001-08-01,0.0,0.0,0.0,0.0
2001-09-01,0.0,0.0,0.0,0.0
2001-10-01,0.0,48.0,0.0,0.0
2001-11-01,0.0,405.0,10114.0,0.0
2001-12-01,1246153.0,9956.0,855731.0,0.0
2002-01-01,400697.0,14549.0,354778.0,257.0
2002-02-01,83247.0,18720.0,171699.0,8975.0
2002-03-01,43676.0,9168.0,71261.0,4987.0
2002-04-01,37322.0,7480.0,67428.0,8511.0
2002-05-01,26265.0,6488.0,38935.0,5140.0
2002-06-01,15233.0,1613.0,43067.0,1143.0
2002-07-01,44895.0,0.0,1770.0,0.0
2002-08-01,0.0,0.0,0.0,0.0
2002-09-01,0.0,0.0,0.0,0.0
2002-10-01,0.0,0.0,0.0,0.0
2002-11-01,19661.0,23880.79,2293124.27,1500.5
2002-12-01,2346912.31,26194.05,1113722.56,1416.0
2003-01-01,5347378.54,27083.52,430480.03,4369.8
2003-02-01,1205275.95,13654.35,209126.95,5014.5
2003-03-01,220154.25,11248.0,73522.25,4564.05
2003-04-01,176455.55,5975.12,54999.55,8248.1
2003-05-01,140199.45,5427.59,22166.05,3828.5
2003-06-01,25914.15,6579.64,15693.35,2080.5
2003-07-01,11548.0,0.0,281.9,0.0
2003-08-01,0.0,0.0,0.0,0.0
2003-09-01,0.0,0.0,0.0,0.0
2003-10-01,0.0,0.0,0.0,0.0
2003-11-01,71308.0,33906.3,2780481.17,795.0
2003-12-01,10143302.29,70367.97,1319857.47,1457.0
2004-01-01,3494248.6,38657.84,554185.88,1800.5
2004-02-01,990524.5,24560.8,229290.23,5476.29
2004-03-01,647825.55,16207.24,111397.48,5247.9
2004-04-01,311027.0,7365.5,66069.05,4152.0
2004-05-01,202735.85,5061.8,55567.8,3172.35
2004-06-01,45737.5,2377.4,31686.65,1276.0
2004-07-01,24161.9,0.0,0.0,0.0
2004-08-01,0.0,0.0,0.0,0.0
2004-09-01,0.0,0.0,0.0,0.0
2004-10-01,0.0,0.0,0.0,0.0
2004-11-01,37624.0,32642.7,3668422.13,1102.0
2004-12-01,13481274.0,42952.58,1243687.14,7529.0
2005-01-01,3037412.2,21741.8,464120.86,8078.5
2005-02-01,1372769.75,16043.8,285367.56,12645.0
2005-03-01,402609.6,9553.84,117385.29,3073.0
2005-04-01,405101.4,7627.22,67163.65,7209.4
2005-05-01,295982.05,2873.4,45970.77,11646.2
2005-06-01,69565.1,5156.82,29879.88,5615.2
2005-07-01,12131.6,0.0,184.6,0.0
2005-08-01,0.0,0.0,0.0,0.0
2005-09-01,0.0,0.0,0.0,0.0
2005-10-01,0.0,0.0,0.0,0.0
2005-11-01,0.0,110077.47,921503.91,0.0
2005-12-01,7832.0,129581.32,3030722.66,0.0
2006-01-01,6214262.94,26876.1,653351.4,17318.0
2006-02-01,7413849.96,14765.6,328754.06,51310.4
2006-03-01,1795121.1,8570.5,116494.9,46656.8
2006-04-01,1074356.62,12368.3,135613.65,46720.3
2006-05-01,832986.7,10689.5,120177.64,51466.9
2006-06-01,340476.5,22419.3,112539.09,34178.2
2006-07-01,83780.5,814.0,452.0,0.0
2006-08-01,0.0,0.0,0.0,0.0
2006-09-01,0.0,0.0,0.0,0.0
2006-10-01,0.0,0.0,0.0,0.0
2006-11-01,11673.0,69637.37,3338396.96,4758.4
2006-12-01,2442472.75,51328.93,787999.06,11230.0
2007-01-01,3426505.6,17520.84,549003.38,12150.25
2007-02-01,741243.5,12269.99,276598.44,16542.3
2007-03-01,412164.55,21449.84,261714.92,5055.5
2007-04-01,142290.1,14544.8,217841.35,16052.1
2007-05-01,281461.6,6113.4,194627.15,13183.3
2007-06-01,72268.06,17363.8,90060.5,6218.5
2007-07-01,15893.6,0.0,1716.0,0.0
2007-08-01,0.0,0.0,0.0,0.0
2007-09-01,0.0,0.0,0.0,0.0
2007-10-01,0.0,0.0,0.0,0.0
2007-11-01,0.0,298471.58,1786.6,0.0
2007-12-01,3103820.25,13807.8,1106660.91,58.2
2008-01-01,758484.2,4991.3,465264.58,329.8
2008-02-01,318276.0,13724.26,509386.75,3386.0
2008-03-01,245894.5,12478.1,346047.5,1482.0
2008-04-01,196555.5,15661.6,403847.57,589.13
2008-05-01,123291.7,23859.8,408024.94,3792.7
2008-06-01,68573.0,19101.8,181713.3,2583.0
2008-07-01,36241.0,213.0,8551.2,0.0
2008-08-01,0.0,0.0,0.0,0.0
2008-09-01,0.0,0.0,0.0,0.0
2008-10-01,0.0,0.0,0.0,0.0
2008-11-01,19288.0,12970.1,471436.53,0.0
2008-12-01,3696713.69,22072.2,183847.89,398.0
2009-01-01,729739.38,11107.48,90248.08,221.0
2009-02-01,180404.89,2344.8,36090.74,0.0
2009-03-01,135895.79,5810.8,34446.55,210.0
2009-04-01,172686.43,12617.7,58374.55,0.0
2009-05-01,83823.82,21573.0,53356.74,309.0
2009-06-01,38459.5,25086.3,52344.5,1227.1
2009-07-01,34077.3,394.3,1909.25,0.0
2009-08-01,0.0,0.0,0.0,0.0
2009-09-01,0.0,0.0,0.0,0.0
2009-10-01,0.0,0.0,0.0,0.0
2009-11-01,838.0,37153.7,1245779.82,0.0
2009-12-01,11408107.05,47884.0,763375.93,0.0
2010-01-01,1215669.5,15613.1,326772.1,2349.0
2010-02-01,590331.57,20022.7,244840.4,0.0
2010-03-01,299900.35,38224.4,227206.8,113.0
2010-04-01,149364.75,26722.92,97237.53,40.0
2010-05-01,81507.7,36365.92,95412.15,111.3
2010-06-01,22162.5,32831.86,135135.59,145.0
2010-07-01,15363.3,0.0,3163.0,0.0
2010-08-01,0.0,0.0,0.0,0.0
2010-09-01,0.0,0.0,0.0,0.0
2010-10-01,0.0,0.0,0.0,0.0
2010-11-01,19661.0,23880.79,2293124.27,1500.5
2010-12-01,2346912.31,26194.05,1113722.56,1416.0
2011-01-01,5347378.54,27083.52,430480.03,4369.8
2011-02-01,1205275.95,13654.35,209126.95,5014.5
2011-03-01,220154.25,11248.0,73522.25,4564.05
2011-04-01,176455.55,5975.12,54999.55,8248.1
2011-05-01,140199.45,5427.59,22166.05,3828.5
2011-06-01,25914.15,6579.64,15693.35,2080.5
2011-07-01,11548.0,0.0,281.9,0.0
2011-08-01,0.0,0.0,0.0,0.0
2011-09-01,0.0,0.0,0.0,0.0
2011-10-01,0.0,0.0,0.0,0.0
2011-11-01,0.0,53962.0,519312.14,0.0
2011-12-01,55534.0,193707.61,10664268.89,0.0
2012-01-01,7181405.94,104696.6,2169803.17,7799.5
2012-02-01,5880923.51,59312.8,635712.02,22307.9
2012-03-01,1716562.2,49008.4,452985.76,30517.4
2012-04-01,766509.5,31448.9,181693.06,30644.7
2012-05-01,476945.0,36328.9,161210.27,27909.3
2012-06-01,150577.6,42871.79,97250.32,25286.8
2012-07-01,57343.69,72.7,3016.0,0.0
2012-08-01,0.0,0.0,0.0,0.0
2012-09-01,0.0,0.0,0.0,0.0
2012-10-01,0.0,0.0,0.0,0.0
2012-11-01,628.0,119616.57,3654119.0,23575.0
2012-12-01,0.0,175169.9,1353388.76,42455.18
2013-01-01,10935878.86,99392.9,726375.12,82642.7
2013-02-01,3447398.93,76712.46,296320.68,73587.5
2013-03-01,1204651.5,47161.8,223148.81,82662.75
2013-04-01,471913.0,48671.92,68865.54,88281.45
2013-05-01,416769.45,41843.6,99953.7,42425.4
2013-06-01,134172.3,57685.4,83869.56,65128.0
2013-07-01,57968.0,0.0,5000.0,0.0
2013-08-01,19953.3,0.0,881.0,0.0
2013-09-01,0.0,0.0,0.0,0.0
2013-10-01,0.0,0.0,0.0,0.0
2013-11-01,67411.0,119195.11,5895598.14,24191.4
2013-12-01,4165790.63,181221.8,1638344.63,79944.8
2014-01-01,1381131.57,156190.0,469566.4,159174.5
2014-02-01,484655.0,115633.0,273075.5,156060.0
2014-03-01,280094.58,93375.6,220657.62,98329.5
2014-04-01,127036.87,51660.1,203305.83,123254.4
2014-05-01,163503.21,44022.8,131945.49,45201.3
2014-06-01,38513.8,77020.4,111086.78,49555.0
2014-07-01,14735.8,0.0,3035.0,0.0
2014-08-01,0.0,0.0,0.0,0.0
2014-09-01,0.0,0.0,0.0,0.0
2014-10-01,0.0,0.0,0.0,0.0
2014-11-01,29536.0,310338.7,8234398.95,46423.1
2014-12-01,2647624.36,172345.48,1805374.72,59157.4
2015-01-01,442767.87,159098.01,677897.12,207131.25
2015-02-01,66923.58,77123.77,227085.66,139180.4
2015-03-01,22427.65,49388.5,114762.36,162175.0
2015-04-01,19878.11,30613.9,63858.09,81612.9
2015-05-01,16358.67,23243.66,44803.04,59293.4
2015-06-01,90855.12,18106.6,38981.75,23507.4
2015-07-01,175784.0,0.0,0.0,0.0
