,All,Bodega Bay,Crescent City,Eureka,Fort Bragg,Halfmoon Bay,Los Angeles,Monterey,Morro Bay,San Diego,San Francisco,Santa Barbara,Trinidad,Season
1928-01-01,501936.0,,,11808.0,,,0.0,105168.0,,0.0,384960.0,0.0,,1927
1928-02-01,621096.0,,,19728.0,,,0.0,210216.0,,0.0,391152.0,0.0,,1927
1928-03-01,244632.0,,,16776.0,,,0.0,68328.0,,0.0,159528.0,0.0,,1927
1928-04-01,405903.0,,,8016.0,,,63.0,39936.0,,0.0,357888.0,0.0,,1927
1928-05-01,386223.0,,,6000.0,,,207.0,6744.0,,0.0,373272.0,0.0,,1927
1928-06-01,339264.0,,,6408.0,,,0.0,72.0,,0.0,332784.0,0.0,,1927
1928-07-01,271488.0,,,8016.0,,,0.0,0.0,,0.0,263472.0,0.0,,1927
1928-08-01,0.0,,,0.0,,,0.0,0.0,,0.0,0.0,0.0,,1927
1928-09-01,0.0,,,0.0,,,0.0,0.0,,0.0,0.0,0.0,,1927
1928-10-01,0.0,,,0.0,,,0.0,0.0,,0.0,0.0,0.0,,1927
1928-11-01,366336.0,,,2352.0,,,0.0,21960.0,,0.0,342024.0,0.0,,1928
1928-12-01,437856.0,,,6984.0,,,0.0,21192.0,,0.0,409680.0,0.0,,1928
1929-01-01,357888.0,,,4584.0,,,0.0,6480.0,,0.0,346824.0,0.0,,1928
1929-02-01,284256.0,,,7464.0,,,0.0,7968.0,,0.0,268824.0,0.0,,1928
1929-03-01,107760.0,,,4200.0,,,0.0,7872.0,,0.0,95688.0,0.0,,1928
1929-04-01,41616.0,,,5472.0,,,0.0,2952.0,,0.0,33192.0,0.0,,1928
1929-05-01,98736.0,,,4944.0,,,0.0,480.0,,0.0,93312.0,0.0,,1928
1929-06-01,140784.0,,,14496.0,,,0.0,672.0,,0.0,125616.0,0.0,,1928
1929-07-01,144936.0,,,9048.0,,,0.0,24.0,,0.0,135864.0,0.0,,1928
1929-08-01,3336.0,,,3336.0,,,0.0,0.0,,0.0,0.0,0.0,,1928
1929-09-01,0.0,,,0.0,,,0.0,0.0,,0.0,0.0,0.0,,1928
1929-10-01,0.0,,,0.0,,,0.0,0.0,,0.0,0.0,0.0,,1928
1929-11-01,245616.0,,,0.0,,,0.0,4848.0,,0.0,240768.0,0.0,,1929
1929-12-01,367848.0,,,10152.0,,,0.0,6000.0,,0.0,351696.0,0.0,,1929
1930-01-01,194064.0,,,18816.0,,,0.0,264.0,,0.0,174984.0,0.0,,1929
1930-02-01,281160.0,,,11568.0,,,0.0,0.0,,0.0,269592.0,0.0,,1929
1930-03-01,172032.0,,,24672.0,,,0.0,288.0,,0.0,147072.0,0.0,,1929
1930-04-01,166968.0,,,7776.0,,,0.0,192.0,,0.0,159000.0,0.0,,1929
1930-05-01,388800.0,,,14592.0,,,0.0,0.0,,0.0,374208.0,0.0,,1929
1930-06-01,81792.0,,,8376.0,,,0.0,144.0,,0.0,73272.0,0.0,,1929
1930-07-01,92232.0,,,2928.0,,,0.0,96.0,,0.0,89208.0,0.0,,1929
1930-08-01,288.0,,,288.0,,,0.0,0.0,,0.0,0.0,0.0,,1929
1930-09-01,0.0,,,0.0,,,0.0,0.0,,0.0,0.0,0.0,,1929
1930-10-01,0.0,,,0.0,,,0.0,0.0,,0.0,0.0,0.0,,1929
1930-11-01,237648.0,,,0.0,,,0.0,120.0,,0.0,237528.0,0.0,,1930
1930-12-01,377400.0,,,3432.0,,,0.0,0.0,,0.0,373968.0,0.0,,1930
1931-01-01,190726.0,,,3678.0,,,0.0,108.0,,0.0,186940.0,0.0,,1930
1931-02-01,279620.0,,,7440.0,,,0.0,36.0,,0.0,272144.0,0.0,,1930
1931-03-01,264510.0,,,19898.0,,,0.0,24.0,,0.0,244588.0,0.0,,1930
1931-04-01,337855.0,,,17180.0,,,0.0,15.0,,0.0,320660.0,0.0,,1930
1931-05-01,285576.0,,,15660.0,,,0.0,152.0,,0.0,269764.0,0.0,,1930
1931-06-01,202624.0,,,15648.0,,,0.0,60.0,,0.0,186916.0,0.0,,1930
1931-07-01,97205.0,,,16704.0,,,0.0,0.0,,0.0,80501.0,0.0,,1930
1931-08-01,11256.0,,,11256.0,,,0.0,0.0,,0.0,0.0,0.0,,1930
1931-09-01,0.0,,,0.0,,,0.0,0.0,,0.0,0.0,0.0,,1930
1931-10-01,0.0,,,0.0,,,0.0,0.0,,0.0,0.0,0.0,,1930
1931-11-01,192318.0,,,0.0,,,0.0,1174.0,,0.0,191144.0,0.0,,1931
1931-12-01,369694.0,,,4476.0,,,0.0,1274.0,,0.0,363944.0,0.0,,1931
1932-01-01,330893.0,,,11702.0,,,0.0,358.0,,0.0,318833.0,0.0,,1931
1932-02-01,348646.0,,,13460.0,,,0.0,470.0,,0.0,334716.0,0.0,,1931
1932-03-01,239760.0,,,14092.0,,,0.0,1382.0,,0.0,224286.0,0.0,,1931
1932-04-01,238196.0,,,12138.0,,,0.0,448.0,,0.0,225610.0,0.0,,1931
1932-05-01,260968.0,,,15212.0,,,0.0,420.0,,0.0,245336.0,0.0,,1931
1932-06-01,206838.0,,,13758.0,,,0.0,18.0,,0.0,193062.0,0.0,,1931
1932-07-01,148122.0,,,15856.0,,,0.0,166.0,,0.0,132100.0,0.0,,1931
1932-08-01,13184.0,,,13184.0,,,0.0,0.0,,0.0,0.0,0.0,,1931
1932-09-01,0.0,,,0.0,,,0.0,0.0,,0.0,0.0,0.0,,1931
1932-10-01,0.0,,,0.0,,,0.0,0.0,,0.0,0.0,0.0,,1931
1932-11-01,222216.0,,,0.0,,,0.0,8760.0,,0.0,213456.0,0.0,,1932
1932-12-01,425164.0,,,7056.0,,,0.0,15376.0,,0.0,402732.0,0.0,,1932
1933-01-01,330198.0,,,12640.0,,,0.0,17116.0,,0.0,300442.0,0.0,,1932
1933-02-01,332196.0,,,14434.0,,,0.0,24430.0,,0.0,293332.0,0.0,,1932
1933-03-01,365600.0,,,13524.0,,,0.0,41750.0,,0.0,310326.0,0.0,,1932
1933-04-01,349456.0,,,16128.0,,,0.0,35366.0,,0.0,297962.0,0.0,,1932
1933-05-01,296552.0,,,12592.0,,,0.0,16550.0,,0.0,267410.0,0.0,,1932
1933-06-01,307264.0,,,17342.0,,,0.0,10948.0,,0.0,278974.0,0.0,,1932
1933-07-01,415904.0,,,16164.0,,,0.0,3430.0,,0.0,396310.0,0.0,,1932
1933-08-01,16548.0,,,16548.0,,,0.0,0.0,,0.0,0.0,0.0,,1932
1933-09-01,0.0,,,0.0,,,0.0,0.0,,0.0,0.0,0.0,,1932
1933-10-01,0.0,,,0.0,,,0.0,0.0,,0.0,0.0,0.0,,1932
1933-11-01,316802.0,,,0.0,,,0.0,16790.0,,0.0,300012.0,0.0,,1933
1933-12-01,477974.0,,,7352.0,,,0.0,21664.0,,0.0,448958.0,0.0,,1933
1934-01-01,378608.0,,,13264.0,,,0.0,23570.0,,0.0,341774.0,0.0,,1933
1934-02-01,430300.0,,,14332.0,,,0.0,31704.0,,0.0,384264.0,0.0,,1933
1934-03-01,510740.0,,,16836.0,,,0.0,27430.0,,0.0,466474.0,0.0,,1933
1934-04-01,410245.0,,,14213.0,,,0.0,26088.0,,0.0,369944.0,0.0,,1933
1934-05-01,401626.0,,,12948.0,,,0.0,20692.0,,0.0,367986.0,0.0,,1933
1934-06-01,384158.0,,,11904.0,,,0.0,12234.0,,0.0,360020.0,0.0,,1933
1934-07-01,329084.0,,,13122.0,,,0.0,3170.0,,0.0,312792.0,0.0,,1933
1934-08-01,9804.0,,,9804.0,,,0.0,0.0,,0.0,0.0,0.0,,1933
1934-09-01,0.0,,,0.0,,,0.0,0.0,,0.0,0.0,0.0,,1933
1934-10-01,0.0,,,0.0,,,0.0,0.0,,0.0,0.0,0.0,,1933
1934-11-01,343706.0,,,0.0,,,0.0,39896.0,,0.0,303810.0,0.0,,1934
1934-12-01,569810.0,,,4228.0,,,0.0,50488.0,,0.0,515094.0,0.0,,1934
1935-01-01,435126.0,,,18442.0,,,0.0,13154.0,,0.0,403530.0,0.0,,1934
1935-02-01,421732.0,,,17344.0,,,0.0,1216.0,,0.0,403172.0,0.0,,1934
1935-03-01,453204.0,,,16792.0,,,0.0,4076.0,,0.0,432336.0,0.0,,1934
1935-04-01,400060.0,,,11114.0,,,0.0,3286.0,,0.0,385660.0,0.0,,1934
1935-05-01,375666.0,,,15766.0,,,0.0,1818.0,,0.0,358082.0,0.0,,1934
1935-06-01,312844.0,,,18860.0,,,0.0,192.0,,0.0,293792.0,0.0,,1934
1935-07-01,183268.0,,,25374.0,,,0.0,182.0,,0.0,157712.0,0.0,,1934
1935-08-01,24446.0,,,24446.0,,,0.0,0.0,,0.0,0.0,0.0,,1934
1935-09-01,0.0,,,0.0,,,0.0,0.0,,0.0,0.0,0.0,,1934
1935-10-01,0.0,,,0.0,,,0.0,0.0,,0.0,0.0,0.0,,1934
1935-11-01,602796.0,,,0.0,,,0.0,2586.0,,0.0,600210.0,0.0,,1935
1935-12-01,471046.0,,,8380.0,,,0.0,170.0,,0.0,462496.0,0.0,,1935
1936-01-01,476352.0,,,20528.0,,,0.0,286.0,,0.0,455538.0,0.0,,1935
1936-02-01,374054.0,,,20114.0,,,0.0,408.0,,0.0,353532.0,0.0,,1935
1936-03-01,204854.0,,,20788.0,,,0.0,768.0,,0.0,183298.0,0.0,,1935
1936-04-01,202984.0,,,30214.0,,,0.0,54.0,,0.0,172716.0,0.0,,1935
1936-05-01,162906.0,,,32032.0,,,0.0,54.0,,0.0,130820.0,0.0,,1935
1936-06-01,89572.0,,,31364.0,,,0.0,36.0,,0.0,58172.0,0.0,,1935
1936-07-01,161406.0,,,34304.0,,,0.0,18.0,,0.0,127084.0,0.0,,1935
1936-08-01,53106.0,,,33960.0,,,0.0,0.0,,0.0,19146.0,0.0,,1935
1936-09-01,0.0,,,0.0,,,0.0,0.0,,0.0,0.0,0.0,,1935
1936-10-01,0.0,,,0.0,,,0.0,0.0,,0.0,0.0,0.0,,1935
1936-11-01,408516.0,,,0.0,,,0.0,4474.0,,0.0,404042.0,0.0,,1936
1936-12-01,178052.0,,,6596.0,,,0.0,158.0,,0.0,171298.0,0.0,,1936
1937-01-01,200136.0,,,24868.0,,,0.0,172.0,,0.0,175096.0,0.0,,1936
1937-02-01,221566.0,,,15876.0,,,0.0,426.0,,0.0,205220.0,44.0,,1936
1937-03-01,62388.0,,,1532.0,,,0.0,1206.0,,0.0,59650.0,0.0,,1936
1937-04-01,76902.0,,,2278.0,,,0.0,212.0,,0.0,74412.0,0.0,,1936
1937-05-01,92271.0,,,27176.0,,,0.0,8.0,,0.0,65087.0,0.0,,1936
1937-06-01,48834.0,,,27782.0,,,0.0,8.0,,0.0,21044.0,0.0,,1936
1937-07-01,69770.0,,,36882.0,,,0.0,6.0,,0.0,32882.0,0.0,,1936
1937-08-01,52968.0,,,37514.0,,,0.0,0.0,,0.0,15454.0,0.0,,1936
1937-09-01,0.0,,,0.0,,,0.0,0.0,,0.0,0.0,0.0,,1936
1937-10-01,0.0,,,0.0,,,0.0,0.0,,0.0,0.0,0.0,,1936
1937-11-01,372848.0,,,0.0,,,0.0,7500.0,,0.0,365348.0,0.0,,1937
1937-12-01,430010.0,,,18112.0,,,0.0,2570.0,,0.0,409328.0,0.0,,1937
1938-01-01,343892.0,,,28444.0,,,0.0,1872.0,,0.0,313576.0,0.0,,1937
1938-02-01,342542.0,,,19782.0,,,0.0,3532.0,,0.0,319228.0,0.0,,1937
1938-03-01,219104.0,,,18500.0,,,0.0,3536.0,,0.0,197068.0,0.0,,1937
1938-04-01,422660.0,,,36466.0,,,0.0,2498.0,,0.0,383696.0,0.0,,1937
1938-05-01,484530.0,,,73672.0,,,0.0,7170.0,,0.0,403688.0,0.0,,1937
1938-06-01,312110.0,,,43446.0,,,0.0,6868.0,,0.0,261796.0,0.0,,1937
1938-07-01,395098.0,,,143774.0,,,0.0,1502.0,,0.0,249822.0,0.0,,1937
1938-08-01,302970.0,,,135444.0,,,0.0,72.0,,0.0,167454.0,0.0,,1937
1938-09-01,6972.0,,,6972.0,,,0.0,0.0,,0.0,0.0,0.0,,1937
1938-10-01,0.0,,,0.0,,,0.0,0.0,,0.0,0.0,0.0,,1937
1938-11-01,472916.0,,,1476.0,,,0.0,19200.0,,0.0,452240.0,0.0,,1938
1938-12-01,565870.0,,,23060.0,,,0.0,121720.0,,0.0,421090.0,0.0,,1938
1939-01-01,481858.0,,,41700.0,,,0.0,139748.0,,0.0,300410.0,0.0,,1938
1939-02-01,441648.0,,,112802.0,,,0.0,50890.0,,0.0,277956.0,0.0,,1938
1939-03-01,715902.0,,,265370.0,,,0.0,87574.0,,0.0,362958.0,0.0,,1938
1939-04-01,763324.0,,,369246.0,,,0.0,49532.0,,0.0,344546.0,0.0,,1938
1939-05-01,784142.0,,,393968.0,,,0.0,16962.0,,0.0,373212.0,0.0,,1938
1939-06-01,693085.0,,,305645.0,,,0.0,10122.0,,0.0,377318.0,0.0,,1938
1939-07-01,702058.0,,,271676.0,,,0.0,2402.0,,0.0,427980.0,0.0,,1938
1939-08-01,490518.0,,,186766.0,,,0.0,50.0,,0.0,303702.0,0.0,,1938
1939-09-01,11700.0,,,11700.0,,,0.0,0.0,,0.0,0.0,0.0,,1938
1939-10-01,0.0,,,0.0,,,0.0,0.0,,0.0,0.0,0.0,,1938
1939-11-01,385108.0,,,0.0,,,0.0,12220.0,,0.0,372888.0,0.0,,1939
1939-12-01,472618.0,,,43536.0,,,0.0,8636.0,,0.0,420446.0,0.0,,1939
1940-01-01,344712.0,,,128882.0,,,0.0,4008.0,,0.0,211822.0,0.0,,1939
1940-02-01,462128.0,,,117034.0,,,0.0,5710.0,,0.0,339384.0,0.0,,1939
1940-03-01,556224.0,,,188230.0,,,0.0,4730.0,,0.0,363264.0,0.0,,1939
1940-04-01,658642.0,,,207004.0,,,0.0,4004.0,,0.0,447634.0,0.0,,1939
1940-05-01,602966.0,,,242550.0,,,0.0,1740.0,,0.0,358676.0,0.0,,1939
1940-06-01,496334.0,,,147744.0,,,0.0,1302.0,,0.0,347288.0,0.0,,1939
1940-07-01,557824.0,,,154950.0,,,0.0,614.0,,0.0,402260.0,0.0,,1939
1940-08-01,345554.0,,,64580.0,,,0.0,60.0,,0.0,280914.0,0.0,,1939
1940-09-01,1368.0,,,1368.0,,,0.0,0.0,,0.0,0.0,0.0,,1939
1940-10-01,0.0,,,0.0,,,0.0,0.0,,0.0,0.0,0.0,,1939
1940-11-01,685306.0,,,0.0,,,0.0,1822.0,,0.0,683484.0,0.0,,1940
1940-12-01,437868.0,,,13826.0,,,0.0,2642.0,,0.0,421400.0,0.0,,1940
1941-01-01,446036.0,,,26252.0,,,0.0,4576.0,,0.0,415208.0,0.0,,1940
1941-02-01,499338.0,,,34586.0,,,0.0,3036.0,,0.0,461716.0,0.0,,1940
1941-03-01,584162.0,,,71798.0,,,0.0,5504.0,,0.0,506860.0,0.0,,1940
1941-04-01,405052.0,,,74698.0,,,0.0,5704.0,,0.0,324650.0,0.0,,1940
1941-05-01,570872.0,,,82104.0,,,0.0,8064.0,,0.0,480704.0,0.0,,1940
1941-06-01,430678.0,,,60630.0,,,0.0,2508.0,,0.0,367540.0,0.0,,1940
1941-07-01,371872.0,,,42480.0,,,0.0,3876.0,,0.0,325516.0,0.0,,1940
1941-08-01,342324.0,,,68992.0,,,0.0,926.0,,0.0,272406.0,0.0,,1940
1941-09-01,4872.0,,,1968.0,,,0.0,0.0,,0.0,2904.0,0.0,,1940
1941-10-01,0.0,,,0.0,,,0.0,0.0,,0.0,0.0,0.0,,1940
1941-11-01,499038.0,,,0.0,,,0.0,7520.0,,0.0,491518.0,0.0,,1941
1941-12-01,105712.0,,,120.0,,,0.0,3962.0,,0.0,101630.0,0.0,,1941
1942-01-01,120016.0,,,23956.0,,,0.0,10084.0,,0.0,85976.0,0.0,,1941
1942-02-01,208686.0,,,45700.0,,,0.0,8676.0,,0.0,154310.0,0.0,,1941
1942-03-01,240850.0,,,78550.0,,,0.0,13854.0,,0.0,148446.0,0.0,,1941
1942-04-01,348160.0,,,195548.0,,,0.0,11846.0,,0.0,140766.0,0.0,,1941
1942-05-01,464103.0,,,200589.0,,,0.0,5362.0,,0.0,258152.0,0.0,,1941
1942-06-01,279845.0,,,89179.0,,,0.0,5064.0,,0.0,185602.0,0.0,,1941
1942-07-01,193462.0,,,43504.0,,,0.0,4510.0,,0.0,145448.0,0.0,,1941
1942-08-01,74466.0,,,11240.0,,,0.0,1370.0,,0.0,61856.0,0.0,,1941
1942-09-01,0.0,,,0.0,,,0.0,0.0,,0.0,0.0,0.0,,1941
1942-10-01,0.0,,,0.0,,,0.0,0.0,,0.0,0.0,0.0,,1941
1942-11-01,234354.0,,,0.0,,,0.0,7928.0,,0.0,226426.0,0.0,,1942
1942-12-01,250144.0,,,6220.0,,,0.0,11962.0,,0.0,231962.0,0.0,,1942
1943-01-01,191756.0,,,11072.0,,,0.0,14184.0,,0.0,166500.0,0.0,,1942
1943-02-01,259540.0,,,28032.0,,,0.0,10336.0,,0.0,221172.0,0.0,,1942
1943-03-01,308240.0,,,54164.0,,,0.0,7936.0,,0.0,246140.0,0.0,,1942
1943-04-01,164186.0,,,39074.0,,,0.0,7494.0,,0.0,117618.0,0.0,,1942
1943-05-01,214784.0,,,47866.0,,,0.0,5248.0,,0.0,161670.0,0.0,,1942
1943-06-01,171778.0,,,26730.0,,,0.0,3166.0,,0.0,141882.0,0.0,,1942
1943-07-01,108486.0,,,11312.0,,,0.0,1760.0,,0.0,95414.0,0.0,,1942
1943-08-01,46382.0,,,7878.0,,,0.0,46.0,,0.0,38458.0,0.0,,1942
1943-09-01,44.0,,,0.0,,,0.0,0.0,,0.0,44.0,0.0,,1942
1943-10-01,3888.0,,,0.0,,,0.0,0.0,,0.0,3888.0,0.0,,1942
1943-11-01,542702.0,,,0.0,,,0.0,7770.0,,0.0,534932.0,0.0,,1943
1943-12-01,303552.0,,,2930.0,,,0.0,6784.0,,0.0,293838.0,0.0,,1943
1944-01-01,194296.0,,,6252.0,,,0.0,3078.0,,0.0,184966.0,0.0,,1943
1944-02-01,246328.0,,,15306.0,,,0.0,1068.0,,0.0,229954.0,0.0,,1943
1944-03-01,391666.0,,,40290.0,,,0.0,5356.0,,0.0,346020.0,0.0,,1943
1944-04-01,372876.0,,,82878.0,,,0.0,21086.0,,0.0,268912.0,0.0,,1943
1944-05-01,378392.0,,,72196.0,,,0.0,29454.0,,0.0,276742.0,0.0,,1943
1944-06-01,247895.0,,,23501.0,,,0.0,19327.0,,0.0,205067.0,0.0,,1943
1944-07-01,241916.0,,,37366.0,,,0.0,12598.0,,0.0,191952.0,0.0,,1943
1944-08-01,115507.0,,,58013.0,,,0.0,1146.0,,0.0,56348.0,0.0,,1943
1944-09-01,1668.0,,,1668.0,,,0.0,0.0,,0.0,0.0,0.0,,1943
1944-10-01,0.0,,,0.0,,,0.0,0.0,,0.0,0.0,0.0,,1943
1944-11-01,387258.0,,,0.0,,,0.0,26323.0,,0.0,360935.0,0.0,,1944
1944-12-01,356974.0,,,28382.0,,,0.0,20049.0,,0.0,308543.0,0.0,,1944
1945-01-01,396388.0,,,46581.0,,,0.0,27004.0,,0.0,322803.0,0.0,,1944
1945-02-01,239335.0,,,64369.0,,,0.0,12656.0,,0.0,162310.0,0.0,,1944
1945-03-01,233619.0,,,57259.0,,,0.0,7164.0,,0.0,169196.0,0.0,,1944
1945-04-01,444544.0,,,225947.0,,,0.0,3329.0,,0.0,215268.0,0.0,,1944
1945-05-01,615988.0,,,375154.0,,,0.0,1242.0,,0.0,239592.0,0.0,,1944
1945-06-01,433707.0,,,256030.0,,,0.0,351.0,,0.0,176975.0,351.0,,1944
1945-07-01,340048.0,,,184545.0,,,0.0,0.0,,0.0,155435.0,68.0,,1944
1945-08-01,162241.0,,,102450.0,,,0.0,0.0,,0.0,59645.0,146.0,,1944
1945-09-01,0.0,,,0.0,,,0.0,0.0,,0.0,0.0,0.0,,1944
1945-10-01,0.0,,,0.0,,,0.0,0.0,,0.0,0.0,0.0,,1944
1945-11-01,860003.0,,,0.0,,,0.0,2128.0,,0.0,857619.0,256.0,,1945
1945-12-01,608022.0,,,48233.0,,,0.0,3964.0,,0.0,555631.0,194.0,,1945
1946-01-01,695482.0,,,130256.0,,,0.0,7404.0,,0.0,557822.0,0.0,,1945
1946-02-01,737921.0,,,248784.0,,,0.0,5681.0,,0.0,483276.0,180.0,,1945
1946-03-01,847399.0,,,606875.0,,,0.0,3030.0,,0.0,237494.0,0.0,,1945
1946-04-01,1783148.0,,,1582431.0,,,0.0,2118.0,,0.0,198261.0,338.0,,1945
1946-05-01,1866024.0,,,1724971.0,,,0.0,648.0,,0.0,140405.0,0.0,,1945
1946-06-01,863474.0,,,721805.0,,,0.0,170.0,,0.0,141499.0,0.0,,1945
1946-07-01,687833.0,,,532933.0,,,0.0,574.0,,0.0,154326.0,0.0,,1945
1946-08-01,315780.0,,,224681.0,,,0.0,1832.0,,0.0,89267.0,0.0,,1945
1946-09-01,45.0,,,45.0,,,0.0,0.0,,0.0,0.0,0.0,,1945
1946-10-01,4625.0,,,0.0,,,0.0,0.0,,0.0,4625.0,0.0,,1945
1946-11-01,919561.0,,,690.0,,,0.0,32390.0,,0.0,886443.0,38.0,,1946
1946-12-01,912072.0,,,48927.0,,,0.0,8419.0,,0.0,854726.0,0.0,,1946
1947-01-01,1168272.0,,,618501.0,,,0.0,2441.0,,0.0,547330.0,0.0,,1946
1947-02-01,1328584.0,,,868637.0,,,0.0,7392.0,,0.0,452555.0,0.0,,1946
1947-03-01,1237879.0,,,1068258.0,,,0.0,5718.0,,0.0,163903.0,0.0,,1946
1947-04-01,1236160.0,,,992920.0,,,0.0,3220.0,,0.0,240020.0,0.0,,1946
1947-05-01,1518563.0,,,1281117.0,,,0.0,3459.0,,0.0,233987.0,0.0,,1946
1947-06-01,597274.0,,,477777.0,,,0.0,2303.0,,0.0,117194.0,0.0,,1946
1947-07-01,389318.0,,,240677.0,,,0.0,2069.0,,0.0,146572.0,0.0,,1946
1947-08-01,107959.0,,,56067.0,,,0.0,310.0,,0.0,51582.0,0.0,,1946
1947-09-01,0.0,,,0.0,,,0.0,0.0,,0.0,0.0,0.0,,1946
1947-10-01,0.0,,,0.0,,,0.0,0.0,,0.0,0.0,0.0,,1946
1947-11-01,1601749.0,,,275.0,,,0.0,11876.0,,0.0,1589598.0,0.0,,1947
1947-12-01,1547457.0,,,0.0,,,0.0,13063.0,,0.0,1534394.0,0.0,,1947
1948-01-01,987479.0,,,231523.0,,,0.0,10062.0,,0.0,745894.0,0.0,,1947
1948-02-01,1214501.0,,,817958.0,,,0.0,7926.0,,0.0,388617.0,0.0,,1947
1948-03-01,1455297.0,,,1308429.0,,,0.0,8462.0,,0.0,138406.0,0.0,,1947
1948-04-01,1658081.0,,,1578690.0,,,0.0,6292.0,,0.0,73099.0,0.0,,1947
1948-05-01,1362717.0,,,1263026.0,,,0.0,3352.0,,0.0,96339.0,0.0,,1947
1948-06-01,432689.0,,,329502.0,,,0.0,1478.0,,0.0,101709.0,0.0,,1947
1948-07-01,196768.0,,,61053.0,,,0.0,2656.0,,0.0,133059.0,0.0,,1947
1948-08-01,91015.0,,,27531.0,,,0.0,1388.0,,0.0,62096.0,0.0,,1947
1948-09-01,0.0,,,0.0,,,0.0,0.0,,0.0,0.0,0.0,,1947
1948-10-01,0.0,,,0.0,,,0.0,0.0,,0.0,0.0,0.0,,1947
1948-11-01,2980093.0,,,23796.0,,,0.0,6966.0,,0.0,2949331.0,0.0,,1948
1948-12-01,1506245.0,,,213504.0,,,0.0,3349.0,,0.0,1289392.0,0.0,,1948
1949-01-01,1534293.0,,,1133087.0,,,0.0,3840.0,,0.0,395877.0,1489.0,,1948
1949-02-01,1258274.0,,,1017796.0,,,0.0,3376.0,,0.0,235421.0,1681.0,,1948
1949-03-01,1215537.0,,,1143057.0,,,0.0,5063.0,,0.0,64563.0,2854.0,,1948
1949-04-01,1253549.0,,,1179783.0,,,0.0,3428.0,,0.0,67257.0,3081.0,,1948
1949-05-01,1798143.0,,,1659838.0,,,0.0,1504.0,,0.0,133306.0,3495.0,,1948
1949-06-01,327202.0,,,247597.0,,,0.0,378.0,,0.0,75273.0,3954.0,,1948
1949-07-01,174906.0,,,92198.0,,,0.0,560.0,,0.0,76047.0,6101.0,,1948
1949-08-01,167792.0,,,52626.0,,,0.0,0.0,,0.0,112271.0,2895.0,,1948
1949-09-01,0.0,,,0.0,,,0.0,0.0,,0.0,0.0,0.0,,1948
1949-10-01,0.0,,,0.0,,,0.0,0.0,,0.0,0.0,0.0,,1948
1949-11-01,1340111.0,,,158598.0,,,0.0,3888.0,,0.0,1175915.0,1710.0,,1949
1949-12-01,2044688.0,,,569674.0,,,0.0,2299.0,,0.0,1471393.0,1322.0,,1949
1950-01-01,1444324.0,,,524859.0,,,0.0,1967.0,,0.0,910825.0,6673.0,,1949
1950-02-01,1813830.0,,,1075910.0,,,0.0,3005.0,,0.0,721408.0,13507.0,,1949
1950-03-01,1209493.0,,,979051.0,,,0.0,2397.0,,0.0,206415.0,21630.0,,1949
1950-04-01,838233.0,,,587910.0,,,0.0,7843.0,,0.0,202075.0,40405.0,,1949
1950-05-01,795052.0,,,580972.0,,,0.0,1038.0,,0.0,171020.0,42022.0,,1949
1950-06-01,320060.0,,,225740.0,,,0.0,241.0,,0.0,72795.0,21284.0,,1949
1950-07-01,258948.0,,,67807.0,,,0.0,579.0,,0.0,183166.0,7396.0,,1949
1950-08-01,210.0,,,0.0,,,0.0,0.0,,0.0,210.0,0.0,,1949
1950-09-01,1252.0,,,0.0,,,0.0,0.0,,0.0,1252.0,0.0,,1949
1950-10-01,554.0,,,0.0,,,0.0,0.0,,0.0,0.0,554.0,,1949
1950-11-01,1955341.0,,,501598.0,,,0.0,2252.0,,0.0,1420531.0,30960.0,,1950
1950-12-01,3066436.0,,,1703675.0,,,0.0,2859.0,,0.0,1162773.0,197129.0,,1950
1951-01-01,2124745.0,,,1551529.0,,,0.0,1249.0,,0.0,517745.0,54222.0,,1950
1951-02-01,1717494.0,,,1476375.0,,,0.0,2403.0,,0.0,182818.0,55898.0,,1950
1951-03-01,1174962.0,,,1080932.0,,,0.0,3245.0,,0.0,71797.0,18988.0,,1950
1951-04-01,1904083.0,,,1768789.0,,,0.0,1923.0,,0.0,89097.0,44274.0,,1950
1951-05-01,778461.0,,,695775.0,,,0.0,567.0,,0.0,58575.0,23544.0,,1950
1951-06-01,282848.0,,,214484.0,,,0.0,83.0,,0.0,63154.0,5127.0,,1950
1951-07-01,302482.0,,,71568.0,,,0.0,58.0,,0.0,227217.0,3639.0,,1950
1951-08-01,0.0,,,0.0,,,0.0,0.0,,0.0,0.0,0.0,,1950
1951-09-01,0.0,,,0.0,,,0.0,0.0,,0.0,0.0,0.0,,1950
1951-10-01,297.0,,,0.0,,,0.0,0.0,,0.0,0.0,297.0,,1950
1951-11-01,1615075.0,,,0.0,,,0.0,1787.0,,0.0,1612540.0,748.0,,1951
1951-12-01,1666454.0,,,929901.0,,,0.0,3583.0,,0.0,728974.0,3996.0,,1951
1952-01-01,2046752.0,,,1788152.0,,,0.0,3352.0,,0.0,251915.0,3333.0,,1951
1952-02-01,2021526.0,,,1796056.0,,,0.0,3477.0,,0.0,186590.0,35403.0,,1951
1952-03-01,1502867.0,,,1440407.0,,,0.0,1130.0,,0.0,40187.0,21143.0,,1951
1952-04-01,1878071.0,,,1791766.0,,,0.0,881.0,,0.0,62124.0,23300.0,,1951
1952-05-01,1172505.0,,,1121834.0,,,0.0,180.0,,0.0,42763.0,7728.0,,1951
1952-06-01,352903.0,,,285883.0,,,0.0,40.0,,0.0,65533.0,1447.0,,1951
1952-07-01,314498.0,,,100007.0,,,0.0,2.0,,0.0,214129.0,360.0,,1951
1952-08-01,0.0,,,0.0,,,0.0,0.0,,0.0,0.0,0.0,,1951
1952-09-01,0.0,,,0.0,,,0.0,0.0,,0.0,0.0,0.0,,1951
1952-10-01,0.0,,,0.0,,,0.0,0.0,,0.0,0.0,0.0,,1951
1952-11-01,2048488.0,,,35869.0,,,0.0,798.0,,0.0,2011683.0,138.0,,1952
1952-12-01,1621044.0,,,599247.0,,,0.0,1689.0,,0.0,1020041.0,67.0,,1952
1953-01-01,1249151.0,,,829279.0,,,0.0,2282.0,,0.0,416550.0,1040.0,,1952
1953-02-01,928574.0,,,617326.0,,,0.0,4107.0,,0.0,302741.0,4400.0,,1952
1953-03-01,872006.0,,,794000.0,,,0.0,2029.0,,0.0,68585.0,7392.0,,1952
1953-04-01,508887.0,,,458482.0,,,0.0,1864.0,,0.0,38520.0,10021.0,,1952
1953-05-01,674077.0,,,604060.0,,,0.0,115.0,,0.0,65010.0,4892.0,,1952
1953-06-01,232588.0,,,166394.0,,,0.0,156.0,,0.0,64643.0,1395.0,,1952
1953-07-01,138416.0,,,10705.0,,,0.0,6.0,,0.0,126705.0,1000.0,,1952
1953-08-01,0.0,,,0.0,,,0.0,0.0,,0.0,0.0,0.0,,1952
1953-09-01,0.0,,,0.0,,,0.0,0.0,,0.0,0.0,0.0,,1952
1953-10-01,0.0,,,0.0,,,0.0,0.0,,0.0,0.0,0.0,,1952
1953-11-01,1789374.0,,,0.0,,,0.0,1462.0,,0.0,1787539.0,373.0,,1953
1953-12-01,1881792.0,,,622518.0,,,0.0,1576.0,,0.0,1255597.0,2101.0,,1953
1954-01-01,1742699.0,,,1364741.0,,,0.0,1725.0,,0.0,373926.0,2307.0,,1953
1954-02-01,1063686.0,,,888708.0,,,0.0,3314.0,,0.0,166130.0,5534.0,,1953
1954-03-01,761920.0,,,702863.0,,,0.0,1553.0,,0.0,40416.0,17088.0,,1953
1954-04-01,509858.0,,,439105.0,,,0.0,218.0,,0.0,50958.0,19577.0,,1953
1954-05-01,302445.0,,,253861.0,,,0.0,6.0,,0.0,39302.0,9276.0,,1953
1954-06-01,113201.0,,,20649.0,,,0.0,575.0,,0.0,91686.0,291.0,,1953
1954-07-01,99331.0,,,15332.0,,,0.0,205.0,,0.0,83228.0,566.0,,1953
1954-08-01,0.0,,,0.0,,,0.0,0.0,,0.0,0.0,0.0,,1953
1954-09-01,0.0,,,0.0,,,0.0,0.0,,0.0,0.0,0.0,,1953
1954-10-01,0.0,,,0.0,,,0.0,0.0,,0.0,0.0,0.0,,1953
1954-11-01,1823587.0,,,0.0,,,0.0,596.0,,0.0,1822757.0,234.0,,1954
1954-12-01,1411481.0,,,57520.0,,,0.0,1043.0,,0.0,1352122.0,796.0,,1954
1955-01-01,850044.0,,,418883.0,,,0.0,390.0,,0.0,424163.0,6608.0,,1954
1955-02-01,594401.0,,,410694.0,,,0.0,854.0,,0.0,163923.0,18930.0,,1954
1955-03-01,429891.0,,,321055.0,,,0.0,1914.0,,0.0,88360.0,18562.0,,1954
1955-04-01,155126.0,,,114483.0,,,0.0,2460.0,,0.0,20677.0,17506.0,,1954
1955-05-01,126744.0,,,87694.0,,,0.0,1439.0,,0.0,27626.0,9985.0,,1954
1955-06-01,179314.0,,,79594.0,,,0.0,555.0,,0.0,90623.0,8542.0,,1954
1955-07-01,277339.0,,,29152.0,,,0.0,652.0,,0.0,247535.0,0.0,,1954
1955-08-01,286.0,,,0.0,,,0.0,0.0,,0.0,286.0,0.0,,1954
1955-09-01,0.0,,,0.0,,,0.0,0.0,,0.0,0.0,0.0,,1954
1955-10-01,0.0,,,0.0,,,0.0,0.0,,0.0,0.0,0.0,,1954
1955-11-01,1686030.0,,,0.0,,,0.0,792.0,,0.0,1683012.0,2226.0,,1955
1955-12-01,1814709.0,,,78473.0,,,0.0,405.0,,0.0,1720358.0,15473.0,,1955
1956-01-01,2097003.0,,,1295701.0,,,0.0,906.0,,0.0,742716.0,57680.0,,1955
1956-02-01,2303943.0,,,1796424.0,,,0.0,4600.0,,0.0,451436.0,51483.0,,1955
1956-03-01,2031393.0,,,1901183.0,,,0.0,4157.0,,0.0,94193.0,31860.0,,1955
1956-04-01,1645860.0,,,1558196.0,,,0.0,521.0,,0.0,32591.0,54552.0,,1955
1956-05-01,1185890.0,,,1115089.0,,,0.0,0.0,,0.0,47217.0,23584.0,,1955
1956-06-01,317905.0,,,317905.0,,,0.0,0.0,,0.0,0.0,0.0,,1955
1956-07-01,0.0,,,0.0,,,0.0,0.0,,0.0,0.0,0.0,,1955
1956-08-01,0.0,,,0.0,,,0.0,0.0,,0.0,0.0,0.0,,1955
1956-09-01,0.0,,,0.0,,,0.0,0.0,,0.0,0.0,0.0,,1955
1956-10-01,0.0,,,0.0,,,0.0,0.0,,0.0,0.0,0.0,,1955
1956-11-01,1719331.0,,,40.0,,,0.0,8828.0,,0.0,1684660.0,25803.0,,1956
1956-12-01,3018844.0,,,4146.0,,,0.0,12193.0,,0.0,2921848.0,80657.0,,1956
1957-01-01,2878702.0,,,636935.0,,,0.0,12543.0,,0.0,2157886.0,71338.0,,1956
1957-02-01,2865791.0,,,1449000.0,,,0.0,12119.0,,0.0,1365185.0,39487.0,,1956
1957-03-01,2970553.0,,,2471384.0,,,0.0,10356.0,,0.0,449825.0,38988.0,,1956
1957-04-01,2746681.0,,,2503039.0,,,0.0,7209.0,,0.0,195594.0,40839.0,,1956
1957-05-01,1979115.0,,,1817779.0,,,0.0,3489.0,,0.0,141757.0,16090.0,,1956
1957-06-01,1100388.0,,,1097931.0,,,0.0,40.0,,0.0,2417.0,0.0,,1956
1957-07-01,0.0,,,0.0,,,0.0,0.0,,0.0,0.0,0.0,,1956
1957-08-01,0.0,,,0.0,,,0.0,0.0,,0.0,0.0,0.0,,1956
1957-09-01,0.0,,,0.0,,,0.0,0.0,,0.0,0.0,0.0,,1956
1957-10-01,0.0,,,0.0,,,0.0,0.0,,0.0,0.0,0.0,,1956
1957-11-01,1789279.0,,,0.0,,,0.0,21252.0,,0.0,1746561.0,21466.0,,1957
1957-12-01,2787975.0,,,227940.0,,,0.0,26784.0,,0.0,2500687.0,32564.0,,1957
1958-01-01,3210913.0,,,1755708.0,,,0.0,27585.0,,0.0,1402697.0,24923.0,,1957
1958-02-01,3032338.0,,,2335096.0,,,0.0,21603.0,,0.0,646817.0,28822.0,,1957
1958-03-01,3320719.0,,,2737893.0,,,0.0,16062.0,,0.0,537351.0,29413.0,,1957
1958-04-01,1555349.0,,,1304970.0,,,0.0,10509.0,,0.0,230486.0,9384.0,,1957
1958-05-01,1248296.0,,,905903.0,,,0.0,6275.0,,0.0,326889.0,9229.0,,1957
1958-06-01,314209.0,,,314209.0,,,0.0,0.0,,0.0,0.0,0.0,,1957
1958-07-01,28558.0,,,28558.0,,,0.0,0.0,,0.0,0.0,0.0,,1957
1958-08-01,0.0,,,0.0,,,0.0,0.0,,0.0,0.0,0.0,,1957
1958-09-01,0.0,,,0.0,,,0.0,0.0,,0.0,0.0,0.0,,1957
1958-10-01,0.0,,,0.0,,,0.0,0.0,,0.0,0.0,0.0,,1957
1958-11-01,2565887.0,,,145.0,,,0.0,14415.0,,0.0,2534384.0,16943.0,,1958
1958-12-01,2006497.0,,,200517.0,,,0.0,30615.0,,0.0,1726954.0,48411.0,,1958
1959-01-01,4000464.0,,,3716754.0,,,0.0,14742.0,,0.0,216005.0,52963.0,,1958
1959-02-01,3388754.0,,,3097721.0,,,0.0,21967.0,,0.0,209877.0,59189.0,,1958
1959-03-01,2516464.0,,,2276677.0,,,0.0,13698.0,,0.0,176317.0,49772.0,,1958
1959-04-01,2263127.0,,,2134771.0,,,0.0,6545.0,,0.0,80684.0,41127.0,,1958
1959-05-01,928577.0,,,837818.0,,,0.0,3202.0,,0.0,69763.0,17794.0,,1958
1959-06-01,103652.0,,,100915.0,,,0.0,0.0,,0.0,230.0,2507.0,,1958
1959-07-01,12251.0,,,12251.0,,,0.0,0.0,,0.0,0.0,0.0,,1958
1959-08-01,0.0,,,0.0,,,0.0,0.0,,0.0,0.0,0.0,,1958
1959-09-01,0.0,,,0.0,,,0.0,0.0,,0.0,0.0,0.0,,1958
1959-10-01,0.0,,,0.0,,,0.0,0.0,,0.0,0.0,0.0,,1958
1959-11-01,2229006.0,,,0.0,,,0.0,39621.0,,0.0,2138093.0,51292.0,,1959
1959-12-01,1819966.0,,,703723.0,,,0.0,24424.0,,0.0,1051425.0,40394.0,,1959
1960-01-01,4485151.0,,,4034986.0,,,0.0,9183.0,,0.0,404868.0,36114.0,,1959
1960-02-01,1519757.0,,,1276766.0,,,0.0,8036.0,,0.0,218653.0,16302.0,,1959
1960-03-01,2656813.0,,,2273704.0,,,0.0,9159.0,,0.0,336742.0,37208.0,,1959
1960-04-01,1568557.0,,,1171115.0,,,0.0,3676.0,,0.0,344293.0,49473.0,,1959
1960-05-01,1367816.0,,,1049827.0,,,0.0,815.0,,0.0,289974.0,27200.0,,1959
1960-06-01,206139.0,,,206031.0,,,0.0,18.0,,0.0,90.0,0.0,,1959
1960-07-01,11980.0,,,11980.0,,,0.0,0.0,,0.0,0.0,0.0,,1959
1960-08-01,0.0,,,0.0,,,0.0,0.0,,0.0,0.0,0.0,,1959
1960-09-01,0.0,,,0.0,,,0.0,0.0,,0.0,0.0,0.0,,1959
1960-10-01,0.0,,,0.0,,,0.0,0.0,,0.0,0.0,0.0,,1959
1960-11-01,1370786.0,,,0.0,,,0.0,15203.0,,0.0,1349299.0,6284.0,,1960
1960-12-01,1682476.0,,,1243856.0,,,0.0,8590.0,,0.0,425189.0,4841.0,,1960
1961-01-01,3915307.0,,,3649197.0,,,0.0,4079.0,,0.0,253636.0,8395.0,,1960
1961-02-01,2801668.0,,,2614009.0,,,0.0,3542.0,,0.0,172510.0,11607.0,,1960
1961-03-01,758337.0,,,701493.0,,,0.0,1400.0,,0.0,51011.0,4433.0,,1960
1961-04-01,1026216.0,,,984997.0,,,0.0,185.0,,0.0,29702.0,11332.0,,1960
1961-05-01,714273.0,,,673285.0,,,0.0,0.0,,0.0,21907.0,19081.0,,1960
1961-06-01,160879.0,,,159909.0,,,0.0,0.0,,0.0,350.0,620.0,,1960
1961-07-01,9320.0,,,9320.0,,,0.0,0.0,,0.0,0.0,0.0,,1960
1961-08-01,0.0,,,0.0,,,0.0,0.0,,0.0,0.0,0.0,,1960
1961-09-01,0.0,,,0.0,,,0.0,0.0,,0.0,0.0,0.0,,1960
1961-10-01,0.0,,,0.0,,,0.0,0.0,,0.0,0.0,0.0,,1960
1961-11-01,254994.0,,,0.0,,,0.0,3835.0,,0.0,250912.0,247.0,,1961
1961-12-01,2070231.0,,,1781429.0,,,0.0,2998.0,,0.0,285491.0,313.0,,1961
1962-01-01,1049810.0,,,975126.0,,,0.0,1934.0,,0.0,72044.0,706.0,,1961
1962-02-01,230238.0,,,182701.0,,,0.0,2550.0,,0.0,43274.0,1713.0,,1961
1962-03-01,142091.0,,,118832.0,,,0.0,3196.0,,0.0,19548.0,515.0,,1961
1962-04-01,45592.0,,,38041.0,,,0.0,579.0,,0.0,5857.0,1115.0,,1961
1962-05-01,94462.0,,,77091.0,,,0.0,0.0,,0.0,13849.0,3522.0,,1961
1962-06-01,92905.0,,,71732.0,,,0.0,0.0,,0.0,19375.0,1798.0,,1961
1962-07-01,6366.0,,,6366.0,,,0.0,0.0,,0.0,0.0,0.0,,1961
1962-08-01,0.0,,,0.0,,,0.0,0.0,,0.0,0.0,0.0,,1961
1962-09-01,0.0,,,0.0,,,0.0,0.0,,0.0,0.0,0.0,,1961
1962-10-01,0.0,,,0.0,,,0.0,0.0,,0.0,0.0,0.0,,1961
1962-11-01,815555.0,,,0.0,,,0.0,2464.0,,0.0,812804.0,287.0,,1962
1962-12-01,745561.0,,,381565.0,,,0.0,1583.0,,0.0,362401.0,12.0,,1962
1963-01-01,411985.0,,,290483.0,,,0.0,560.0,,0.0,120930.0,12.0,,1962
1963-02-01,136752.0,,,64007.0,,,0.0,1480.0,,0.0,71205.0,60.0,,1962
1963-03-01,60061.0,,,41353.0,,,0.0,1951.0,,0.0,16272.0,485.0,,1962
1963-04-01,84302.0,,,58460.0,,,0.0,517.0,,0.0,24155.0,1170.0,,1962
1963-05-01,68927.0,,,56982.0,,,0.0,41.0,,0.0,11568.0,336.0,,1962
1963-06-01,18044.0,,,7402.0,,,0.0,0.0,,0.0,10445.0,197.0,,1962
1963-07-01,481.0,,,481.0,,,0.0,0.0,,0.0,0.0,0.0,,1962
1963-08-01,20.0,,,0.0,,,0.0,20.0,,0.0,0.0,0.0,,1962
1963-09-01,0.0,,,0.0,,,0.0,0.0,,0.0,0.0,0.0,,1962
1963-10-01,0.0,,,0.0,,,0.0,0.0,,0.0,0.0,0.0,,1962
1963-11-01,723424.0,,,0.0,,,0.0,960.0,,0.0,722411.0,53.0,,1963
1963-12-01,447465.0,,,210861.0,,,0.0,3230.0,,0.0,233333.0,41.0,,1963
1964-01-01,359164.0,,,230882.0,,,0.0,980.0,,0.0,127141.0,161.0,,1963
1964-02-01,154586.0,,,95277.0,,,0.0,3307.0,,0.0,55813.0,189.0,,1963
1964-03-01,118558.0,,,107243.0,,,0.0,1241.0,,0.0,9537.0,537.0,,1963
1964-04-01,91950.0,,,85486.0,,,0.0,145.0,,0.0,5430.0,889.0,,1963
1964-05-01,67306.0,,,62507.0,,,0.0,52.0,,0.0,4510.0,237.0,,1963
1964-06-01,32518.0,,,19377.0,,,0.0,0.0,,0.0,13129.0,12.0,,1963
1964-07-01,3364.0,,,3364.0,,,0.0,0.0,,0.0,0.0,0.0,,1963
1964-08-01,0.0,,,0.0,,,0.0,0.0,,0.0,0.0,0.0,,1963
1964-09-01,0.0,,,0.0,,,0.0,0.0,,0.0,0.0,0.0,,1963
1964-10-01,0.0,,,0.0,,,0.0,0.0,,0.0,0.0,0.0,,1963
1964-11-01,431490.0,,,0.0,,,0.0,1284.0,,0.0,430153.0,53.0,,1964
1964-12-01,556427.0,,,380304.0,,,0.0,771.0,,0.0,175296.0,56.0,,1964
1965-01-01,1456795.0,,,1389047.0,,,0.0,1457.0,,0.0,66095.0,196.0,,1964
1965-02-01,1139015.0,,,1077132.0,,,0.0,939.0,,0.0,60560.0,384.0,,1964
1965-03-01,621676.0,,,608749.0,,,0.0,625.0,,0.0,11574.0,728.0,,1964
1965-04-01,341314.0,,,327501.0,,,0.0,568.0,,0.0,11481.0,1764.0,,1964
1965-05-01,147875.0,,,143604.0,,,0.0,130.0,,0.0,3193.0,948.0,,1964
1965-06-01,53677.0,,,51363.0,,,0.0,0.0,,0.0,2050.0,264.0,,1964
1965-07-01,1297.0,,,1297.0,,,0.0,0.0,,0.0,0.0,0.0,,1964
1965-08-01,0.0,,,0.0,,,0.0,0.0,,0.0,0.0,0.0,,1964
1965-09-01,0.0,,,0.0,,,0.0,0.0,,0.0,0.0,0.0,,1964
1965-10-01,0.0,,,0.0,,,0.0,0.0,,0.0,0.0,0.0,,1964
1965-11-01,337082.0,,,0.0,,,0.0,1010.0,,0.0,335972.0,100.0,,1965
1965-12-01,705175.0,,,636758.0,,,0.0,2188.0,,0.0,66164.0,65.0,,1965
1966-01-01,1836600.0,,,1804493.0,,,0.0,630.0,,0.0,31404.0,73.0,,1965
1966-02-01,2904100.0,,,2896930.0,,,0.0,684.0,,0.0,6182.0,304.0,,1965
1966-03-01,2382313.0,,,2378366.0,,,0.0,232.0,,0.0,1606.0,2109.0,,1965
1966-04-01,1535380.0,,,1532702.0,,,0.0,110.0,,0.0,1186.0,1382.0,,1965
1966-05-01,647127.0,,,643746.0,,,0.0,40.0,,0.0,3003.0,338.0,,1965
1966-06-01,89345.0,,,87968.0,,,0.0,0.0,,0.0,1377.0,0.0,,1965
1966-07-01,4605.0,,,4605.0,,,0.0,0.0,,0.0,0.0,0.0,,1965
1966-08-01,0.0,,,0.0,,,0.0,0.0,,0.0,0.0,0.0,,1965
1966-09-01,0.0,,,0.0,,,0.0,0.0,,0.0,0.0,0.0,,1965
1966-10-01,0.0,,,0.0,,,0.0,0.0,,0.0,0.0,0.0,,1965
1966-11-01,227048.0,,,4852.0,,,0.0,885.0,,0.0,220614.0,697.0,,1966
1966-12-01,2749822.0,,,2692990.0,,,0.0,330.0,,0.0,55468.0,1034.0,,1966
1967-01-01,2317209.0,,,2280473.0,,,0.0,260.0,,0.0,35739.0,737.0,,1966
1967-02-01,2592126.0,,,2522531.0,,,0.0,757.0,,0.0,67946.0,892.0,,1966
1967-03-01,1512744.0,,,1502833.0,,,0.0,292.0,,0.0,7414.0,2205.0,,1966
1967-04-01,705362.0,,,699022.0,,,0.0,0.0,,0.0,4982.0,1358.0,,1966
1967-05-01,553426.0,,,549427.0,,,0.0,0.0,,0.0,3741.0,258.0,,1966
1967-06-01,46331.0,,,45689.0,,,0.0,0.0,,0.0,563.0,79.0,,1966
1967-07-01,1352.0,,,1352.0,,,0.0,0.0,,0.0,0.0,0.0,,1966
1967-08-01,0.0,,,0.0,,,0.0,0.0,,0.0,0.0,0.0,,1966
1967-09-01,0.0,,,0.0,,,0.0,0.0,,0.0,0.0,0.0,,1966
1967-10-01,0.0,,,0.0,,,0.0,0.0,,0.0,0.0,0.0,,1966
1967-11-01,566093.0,,,0.0,,,0.0,66.0,,0.0,566023.0,4.0,,1967
1967-12-01,3421845.0,,,3171661.0,,,0.0,132.0,,0.0,249946.0,106.0,,1967
1968-01-01,4737539.0,,,4656661.0,,,0.0,218.0,,0.0,80572.0,88.0,,1967
1968-02-01,2663045.0,,,2582753.0,,,0.0,5.0,,0.0,80208.0,79.0,,1967
1968-03-01,868408.0,,,849687.0,,,0.0,204.0,,0.0,18421.0,96.0,,1967
1968-04-01,483977.0,,,472903.0,,,0.0,74.0,,0.0,9892.0,1108.0,,1967
1968-05-01,386462.0,,,379848.0,,,0.0,58.0,,0.0,6013.0,543.0,,1967
1968-06-01,31350.0,,,28734.0,,,0.0,0.0,,0.0,2514.0,102.0,,1967
1968-07-01,606.0,,,606.0,,,0.0,0.0,,0.0,0.0,0.0,,1967
1968-08-01,0.0,,,0.0,,,0.0,0.0,,0.0,0.0,0.0,,1967
1968-09-01,0.0,,,0.0,,,0.0,0.0,,0.0,0.0,0.0,,1967
1968-10-01,0.0,,,0.0,,,0.0,0.0,,0.0,0.0,0.0,,1967
1968-11-01,451510.0,,,200.0,,,0.0,79.0,,0.0,451231.0,0.0,,1968
1968-12-01,6392684.0,,,6204462.0,,,0.0,383.0,,0.0,187826.0,13.0,,1968
1969-01-01,3991802.0,,,3884271.0,,,0.0,427.0,,0.0,107061.0,43.0,,1968
1969-02-01,955351.0,,,896653.0,,,0.0,626.0,,0.0,58072.0,0.0,,1968
1969-03-01,822379.0,,,804515.0,,,0.0,1481.0,,0.0,16383.0,0.0,,1968
1969-04-01,324378.0,,,318776.0,,,0.0,335.0,,0.0,5267.0,0.0,,1968
1969-05-01,616669.0,,,611061.0,,,0.0,0.0,,0.0,5558.0,50.0,,1968
1969-06-01,120279.0,,,118853.0,,,0.0,0.0,,0.0,1426.0,0.0,,1968
1969-07-01,13524.0,,,13524.0,,,0.0,0.0,,0.0,0.0,0.0,,1968
1969-08-01,0.0,,,0.0,,,0.0,0.0,,0.0,0.0,0.0,,1968
1969-09-01,0.0,,,0.0,,,0.0,0.0,,0.0,0.0,0.0,,1968
1969-10-01,0.0,,,0.0,,,0.0,0.0,,0.0,0.0,0.0,,1968
1969-11-01,760578.0,,,0.0,,,0.0,229.0,,0.0,760349.0,0.0,,1969
1969-12-01,333768.0,,,14048.0,,,0.0,299.0,,0.0,319421.0,0.0,,1969
1970-01-01,6474229.0,,,6296047.0,,,0.0,253.0,,0.0,177929.0,0.0,,1969
1970-02-01,5205133.0,,,5082229.0,,,0.0,473.0,,0.0,122419.0,12.0,,1969
1970-03-01,1246131.0,,,1209917.0,,,0.0,376.0,,0.0,35745.0,93.0,,1969
1970-04-01,827568.0,,,804013.0,,,0.0,0.0,,0.0,22982.0,573.0,,1969
1970-05-01,562943.0,,,541695.0,,,0.0,30.0,,0.0,20764.0,454.0,,1969
1970-06-01,162858.0,,,144800.0,,,0.0,26.0,,0.0,18032.0,0.0,,1969
1970-07-01,19016.0,,,19016.0,,,0.0,0.0,,0.0,0.0,0.0,,1969
1970-08-01,0.0,,,0.0,,,0.0,0.0,,0.0,0.0,0.0,,1969
1970-09-01,0.0,,,0.0,,,0.0,0.0,,0.0,0.0,0.0,,1969
1970-10-01,0.0,,,0.0,,,0.0,0.0,,0.0,0.0,0.0,,1969
1970-11-01,216696.0,,,0.0,,,0.0,104.0,,0.0,216592.0,0.0,,1970
1970-12-01,699015.0,,,447845.0,,,0.0,13.0,,0.0,251157.0,0.0,,1970
1971-01-01,112457.0,,,25920.0,,,0.0,148.0,,0.0,86389.0,0.0,,1970
1971-02-01,2864384.0,,,2813310.0,,,0.0,248.0,,0.0,50718.0,108.0,,1970
1971-03-01,3145624.0,,,3108968.0,,,0.0,119.0,,0.0,35601.0,936.0,,1970
1971-04-01,395692.0,,,391544.0,,,0.0,8.0,,0.0,2201.0,1939.0,,1970
1971-05-01,557739.0,,,554734.0,,,0.0,0.0,,0.0,1832.0,1173.0,,1970
1971-06-01,418803.0,,,405975.0,,,0.0,0.0,,0.0,12808.0,20.0,,1970
1971-07-01,67532.0,,,67532.0,,,0.0,0.0,,0.0,0.0,0.0,,1970
1971-08-01,22221.0,,,22221.0,,,0.0,0.0,,0.0,0.0,0.0,,1970
1971-09-01,24.0,,,0.0,,,0.0,0.0,,0.0,0.0,24.0,,1970
1971-10-01,0.0,,,0.0,,,0.0,0.0,,0.0,0.0,0.0,,1970
1971-11-01,123079.0,,,0.0,,,0.0,16.0,,0.0,123027.0,36.0,,1971
1971-12-01,1954710.0,,,1882765.0,,,0.0,14.0,,0.0,71906.0,25.0,,1971
1972-01-01,286653.0,,,251413.0,,,0.0,113.0,,0.0,35035.0,92.0,,1971
1972-02-01,138388.0,,,99727.0,,,0.0,128.0,,0.0,38158.0,375.0,,1971
1972-03-01,105108.0,,,79507.0,,,0.0,0.0,,0.0,24085.0,1516.0,,1971
1972-04-01,47267.0,,,36664.0,,,0.0,0.0,,0.0,4296.0,6307.0,,1971
1972-05-01,107223.0,,,96357.0,,,0.0,0.0,,0.0,6239.0,4627.0,,1971
1972-06-01,72038.0,,,54472.0,,,0.0,0.0,,0.0,16429.0,1137.0,,1971
1972-07-01,21548.0,,,21548.0,,,0.0,0.0,,0.0,0.0,0.0,,1971
1972-08-01,23060.0,,,23060.0,,,0.0,0.0,,0.0,0.0,0.0,,1971
1972-09-01,0.0,,,0.0,,,0.0,0.0,,0.0,0.0,0.0,,1971
1972-10-01,0.0,,,0.0,,,0.0,0.0,,0.0,0.0,0.0,,1971
1972-11-01,152876.0,,,0.0,,,0.0,0.0,,0.0,151829.0,1047.0,,1972
1972-12-01,608845.0,,,543761.0,,,0.0,46.0,,0.0,59324.0,5714.0,,1972
1973-01-01,267944.0,,,224657.0,,,0.0,31.0,,0.0,37285.0,5971.0,,1972
1973-02-01,190448.0,,,156297.0,,,0.0,144.0,,0.0,26705.0,7302.0,,1972
1973-03-01,47886.0,,,31604.0,,,0.0,99.0,,0.0,9218.0,6965.0,,1972
1973-04-01,82068.0,,,69154.0,,,0.0,74.0,,0.0,3239.0,9601.0,,1972
1973-05-01,71256.0,,,60356.0,,,0.0,0.0,,0.0,2635.0,8265.0,,1972
1973-06-01,45376.0,,,35254.0,,,0.0,0.0,,0.0,1406.0,8716.0,,1972
1973-07-01,16561.0,,,16561.0,,,0.0,0.0,,0.0,0.0,0.0,,1972
1973-08-01,17000.0,,,16993.0,,,0.0,0.0,,0.0,0.0,7.0,,1972
1973-09-01,0.0,,,0.0,,,0.0,0.0,,0.0,0.0,0.0,,1972
1973-10-01,6.0,,,0.0,,,0.0,0.0,,0.0,0.0,6.0,,1972
1973-11-01,137201.0,,,0.0,,,0.0,29.0,,0.0,128429.0,8743.0,,1973
1973-12-01,147127.0,,,0.0,,,0.0,322.0,,0.0,129757.0,17048.0,,1973
1974-01-01,128182.0,,,58690.0,,,0.0,555.0,,0.0,55981.0,12956.0,,1973
1974-02-01,192727.0,,,105115.0,,,0.0,554.0,,0.0,68092.0,18966.0,,1973
1974-03-01,109661.0,,,79960.0,,,0.0,480.0,,0.0,15175.0,14046.0,,1973
1974-04-01,76160.0,,,51074.0,,,0.0,34.0,,0.0,5186.0,19866.0,,1973
1974-05-01,64849.0,,,43041.0,,,0.0,0.0,,0.0,80.0,21728.0,,1973
1974-06-01,17943.0,,,9529.0,,,0.0,0.0,,0.0,0.0,8414.0,,1973
1974-07-01,1384.0,,,1384.0,,,0.0,0.0,,0.0,0.0,0.0,,1973
1974-08-01,4324.0,,,4324.0,,,0.0,0.0,,0.0,0.0,0.0,,1973
1974-09-01,0.0,,,0.0,,,0.0,0.0,,0.0,0.0,0.0,,1973
1974-10-01,0.0,,,0.0,,,0.0,0.0,,0.0,0.0,0.0,,1973
1974-11-01,48269.0,,,0.0,,,0.0,328.0,,0.0,43989.0,3952.0,,1974
1974-12-01,40470.0,,,789.0,,,0.0,652.0,,0.0,34675.0,4354.0,,1974
1975-01-01,555895.0,,,503291.0,,,0.0,719.0,,0.0,38218.0,13667.0,,1974
1975-02-01,521310.0,,,444704.0,,,0.0,474.0,,0.0,53251.0,22881.0,,1974
1975-03-01,212220.0,,,177945.0,,,0.0,185.0,,0.0,10547.0,23543.0,,1974
1975-04-01,101324.0,,,59015.0,,,0.0,20.0,,0.0,6639.0,35650.0,,1974
1975-05-01,230401.0,,,194727.0,,,0.0,0.0,,0.0,18846.0,16828.0,,1974
1975-06-01,93404.0,,,66714.0,,,0.0,0.0,,0.0,24131.0,2559.0,,1974
1975-07-01,11218.0,,,10538.0,,,0.0,0.0,,0.0,680.0,0.0,,1974
1975-08-01,0.0,,,0.0,,,0.0,0.0,,0.0,0.0,0.0,,1974
1975-09-01,0.0,,,0.0,,,0.0,0.0,,0.0,0.0,0.0,,1974
1975-10-01,0.0,,,0.0,,,0.0,0.0,,0.0,0.0,0.0,,1974
1975-11-01,135357.0,,,0.0,,,0.0,176.0,,0.0,135096.0,85.0,,1975
1975-12-01,2073534.0,,,2038571.0,,,0.0,64.0,,0.0,34632.0,267.0,,1975
1976-01-01,4991092.0,,,4953908.0,,,0.0,0.0,,0.0,36700.0,484.0,,1975
1976-02-01,2763656.0,,,2720544.0,,,0.0,0.0,,0.0,39355.0,3757.0,,1975
1976-03-01,3365697.0,,,3323425.0,,,0.0,0.0,,0.0,37738.0,4534.0,,1975
1976-04-01,2146099.0,,,2132101.0,,,0.0,0.0,,0.0,13238.0,760.0,,1975
1976-05-01,1268700.0,,,1250855.0,,,0.0,0.0,,0.0,17024.0,821.0,,1975
1976-06-01,484826.0,,,457845.0,,,0.0,0.0,,0.0,25072.0,1909.0,,1975
1976-07-01,142697.0,,,142456.0,,,0.0,0.0,,0.0,50.0,191.0,,1975
1976-08-01,36632.0,,,36632.0,,,0.0,0.0,,0.0,0.0,0.0,,1975
1976-09-01,0.0,,,0.0,,,0.0,0.0,,0.0,0.0,0.0,,1975
1976-10-01,2040.0,,,0.0,,,0.0,0.0,,0.0,2040.0,0.0,,1975
1976-11-01,378947.0,,,0.0,,,0.0,1125.0,,0.0,376565.0,1257.0,,1976
1976-12-01,146388.0,,,6043.0,,,0.0,0.0,,0.0,137873.0,2472.0,,1976
1977-01-01,1323118.0,,,1259575.0,,,0.0,0.0,,0.0,60292.0,3251.0,,1976
1977-02-01,4629391.0,,,4608018.0,,,0.0,61.0,,0.0,20163.0,1149.0,,1976
1977-03-01,6987372.0,,,6975731.0,,,0.0,0.0,,0.0,11089.0,552.0,,1976
1977-04-01,5176640.0,,,5162352.0,,,0.0,0.0,,0.0,14134.0,154.0,,1976
1977-05-01,5245647.0,,,5241480.0,,,0.0,0.0,,0.0,3304.0,863.0,,1976
1977-06-01,1528752.0,,,1527653.0,,,0.0,0.0,,0.0,1061.0,38.0,,1976
1977-07-01,819522.0,,,819144.0,,,0.0,0.0,,0.0,296.0,82.0,,1976
1977-08-01,204850.0,,,204850.0,,,0.0,0.0,,0.0,0.0,0.0,,1976
1977-09-01,0.0,,,0.0,,,0.0,0.0,,0.0,0.0,0.0,,1976
1977-10-01,0.0,,,0.0,,,0.0,0.0,,0.0,0.0,0.0,,1976
1977-11-01,7229.0,,,0.0,,,0.0,843.0,,0.0,865.0,5521.0,,1977
1977-12-01,7723425.0,,,7524825.0,,,0.0,7154.0,,0.0,188100.0,3346.0,,1977
1978-01-01,2851970.0,,,2689868.0,,,0.0,1093.0,,0.0,158382.0,2627.0,,1977
1978-02-01,1253650.0,,,1127549.0,,,0.0,518.0,,0.0,116032.0,9551.0,,1977
1978-03-01,1086271.0,,,999121.0,,,0.0,1030.0,,0.0,77207.0,8913.0,,1977
1978-04-01,642138.0,,,597594.0,,,0.0,431.0,,0.0,35685.0,8428.0,,1977
1978-05-01,285466.0,,,249908.0,,,3.0,7.0,,0.0,16899.0,18649.0,,1977
1978-06-01,98871.0,,,71767.0,,,0.0,2.0,,100.0,15858.0,11144.0,,1977
1978-07-01,19034.0,,,13385.0,,,0.0,0.0,,0.0,1751.0,3898.0,,1977
1978-08-01,2587.0,,,0.0,,,0.0,21.0,,0.0,0.0,2566.0,,1977
1978-09-01,4554.0,,,0.0,,,0.0,0.0,,0.0,0.0,4554.0,,1977
1978-10-01,3254.0,,,1600.0,,,0.0,892.0,,0.0,0.0,762.0,,1977
1978-11-01,371512.0,,,0.0,,,27.0,891.0,,37.0,366832.0,3725.0,,1978
1978-12-01,2733785.0,,,2575719.0,,,53.0,1265.0,,0.0,153451.0,3297.0,,1978
1979-01-01,4126766.0,,,4082333.0,,,0.0,752.0,,0.0,29622.0,14059.0,,1978
1979-02-01,578289.0,,,515937.0,,,0.0,1088.0,,0.0,48683.0,12581.0,,1978
1979-03-01,469716.0,,,386200.0,,,0.0,808.0,,0.0,75220.0,7488.0,,1978
1979-04-01,232238.0,,,194500.0,,,0.0,558.0,,0.0,25125.0,12055.0,,1978
1979-05-01,132217.0,,,100309.0,,,0.0,1344.0,,0.0,30331.0,233.0,,1978
1979-06-01,68462.0,,,24908.0,,,0.0,152.0,,0.0,42908.0,494.0,,1978
1979-07-01,34452.0,,,5851.0,,,0.0,0.0,,0.0,28506.0,95.0,,1978
1979-08-01,43577.0,,,40032.0,,,44.0,0.0,,0.0,3273.0,228.0,,1978
1979-09-01,587.0,,,168.0,,,0.0,0.0,,0.0,0.0,419.0,,1978
1979-10-01,2497.0,,,1024.0,,,0.0,142.0,,0.0,1255.0,76.0,,1978
1979-11-01,299711.0,,,1230.0,,,258.0,1282.0,,0.0,294601.0,2340.0,,1979
1979-12-01,6989969.0,,,6884184.0,,,88.0,719.0,,0.0,91367.0,13611.0,,1979
1980-01-01,4358442.0,,,4249268.0,,,372.0,1351.0,,0.0,82277.0,25174.0,,1979
1980-02-01,1071533.0,,,1006611.0,,,60.0,763.0,,0.0,56692.0,7407.0,,1979
1980-03-01,372452.0,,,312947.0,,,22.0,914.0,,0.0,55464.0,3105.0,,1979
1980-04-01,393057.0,,,351478.0,,,83.0,351.0,,0.0,33222.0,7923.0,,1979
1980-05-01,293074.0,,,267108.0,,,0.0,365.0,,0.0,25127.0,474.0,,1979
1980-06-01,103438.0,,,65341.0,,,0.0,84.0,,0.0,37822.0,191.0,,1979
1980-07-01,30189.0,,,26748.0,,,0.0,0.0,,0.0,3269.0,172.0,,1979
1980-08-01,71857.0,,,71731.0,,,0.0,0.0,,0.0,96.0,30.0,,1979
1980-09-01,10823.0,,,25.0,,,0.0,421.0,,0.0,1840.0,8537.0,,1979
1980-10-01,8812.0,,,8812.0,,,0.0,0.0,,0.0,0.0,0.0,,1979
1980-11-01,278007.0,,,12398.0,,,0.0,572.0,,1488.0,263494.0,55.0,,1980
1980-12-01,8939723.0,,,8871792.0,,,0.0,412.0,,0.0,63512.0,4007.0,,1980
1981-01-01,380871.0,,,354691.0,,,0.0,623.0,,0.0,25370.0,187.0,,1980
1981-02-01,332582.0,,,292601.0,,,0.0,1123.0,,4.0,38269.0,585.0,,1980
1981-03-01,129133.0,,,96230.0,,,0.0,257.0,,0.0,32368.0,278.0,,1980
1981-04-01,118441.0,,,70533.0,,,0.0,466.0,,0.0,44449.0,2993.0,,1980
1981-05-01,85900.0,,,53113.0,,,0.0,253.0,,0.0,30147.0,2387.0,,1980
1981-06-01,29515.0,,,9062.0,,,0.0,183.0,,0.0,20030.0,240.0,,1980
1981-07-01,12357.0,,,2821.0,,,0.0,8.0,,0.0,9519.0,9.0,,1980
1981-08-01,22935.0,,,14127.0,,,0.0,8300.0,,0.0,0.0,508.0,,1980
1981-09-01,4185.0,,,40.0,,,0.0,3666.0,,104.0,0.0,375.0,,1980
1981-10-01,1206.0,,,0.0,,,0.0,0.0,,0.0,0.0,1206.0,,1980
1981-11-01,123589.0,,,0.0,,,0.0,200.0,,0.0,122521.0,868.0,,1981
1981-12-01,2132646.0,,,2108757.0,,,0.0,535.0,,0.0,22486.0,868.0,,1981
1982-01-01,306278.0,,,293911.0,,,0.0,469.0,,0.0,11469.0,429.0,,1981
1982-02-01,219919.0,,,201152.0,,,0.0,502.0,,0.0,17270.0,995.0,,1981
1982-03-01,43914.0,,,34370.0,,,0.0,429.0,,0.0,9037.0,78.0,,1981
1982-04-01,86383.0,,,78084.0,,,0.0,230.0,,0.0,7912.0,157.0,,1981
1982-05-01,47746.0,,,38732.0,,,0.0,148.0,,0.0,8723.0,143.0,,1981
1982-06-01,16165.0,,,8107.0,,,0.0,62.0,,0.0,7251.0,745.0,,1981
1982-07-01,1824.0,,,1377.0,,,0.0,0.0,,0.0,422.0,25.0,,1981
1982-08-01,4349.0,,,750.0,,,639.0,0.0,,0.0,0.0,2960.0,,1981
1982-09-01,411.0,,,0.0,,,0.0,0.0,,0.0,8.0,403.0,,1981
1982-10-01,1311.0,,,0.0,,,17.0,0.0,,0.0,1294.0,0.0,,1981
1982-11-01,387836.0,,,9939.0,,,0.0,300.0,,0.0,377552.0,45.0,,1982
1982-12-01,788633.0,,,728384.0,,,0.0,502.0,,0.0,59423.0,324.0,,1982
1983-01-01,174052.0,,,145087.0,,,0.0,659.0,,0.0,28243.0,63.0,,1982
1983-02-01,33687.0,,,10203.0,,,0.0,907.0,,0.0,22522.0,55.0,,1982
1983-03-01,50199.0,,,7624.0,,,9.0,1276.0,,0.0,41152.0,138.0,,1982
1983-04-01,80373.0,,,56010.0,,,0.0,533.0,,0.0,23771.0,59.0,,1982
1983-05-01,40756.0,,,25582.0,,,0.0,184.0,,0.0,13805.0,1185.0,,1982
1983-06-01,18653.0,,,5968.0,,,0.0,52.0,,0.0,10509.0,2124.0,,1982
1983-07-01,5972.0,,,3425.0,,,0.0,0.0,,0.0,722.0,1825.0,,1982
1983-08-01,2706.0,,,123.0,,,0.0,0.0,,0.0,0.0,2583.0,,1982
1983-09-01,5905.0,,,0.0,,,0.0,60.0,,0.0,973.0,4872.0,,1982
1983-10-01,4172.0,,,0.0,,,0.0,0.0,,0.0,150.0,4022.0,,1982
1983-11-01,353750.0,,,539.0,,,0.0,941.0,,0.0,350508.0,1762.0,,1983
1983-12-01,3215132.0,,,3080047.0,,,0.0,662.0,,60.0,133492.0,871.0,,1983
1984-01-01,598728.0,,,480927.0,,,0.0,911.0,,21.0,113156.0,3713.0,,1983
1984-02-01,207360.0,,,107194.0,,,10.0,6724.0,,51.0,90834.0,2547.0,,1983
1984-03-01,84380.0,,,50780.0,,,35.0,3812.0,,0.0,25053.0,4700.0,,1983
1984-04-01,215766.0,,,142418.0,,,0.0,15205.0,,0.0,54528.0,3615.0,,1983
1984-05-01,106237.0,,,66375.0,,,0.0,217.0,,0.0,36999.0,2646.0,,1983
1984-06-01,41484.0,,,12539.0,,,0.0,11.0,,0.0,26918.0,2016.0,,1983
1984-07-01,30621.0,,,6326.0,,,0.0,0.0,,3.0,22430.0,1862.0,,1983
1984-08-01,31652.0,,,22252.0,,,0.0,10.0,,0.0,7353.0,2037.0,,1983
1984-09-01,2532.0,,,757.0,,,0.0,295.0,,0.0,97.0,1383.0,,1983
1984-10-01,22278.0,,,19512.0,,,0.0,16.0,,19.0,985.0,1746.0,,1983
1984-11-01,170331.0,,,795.0,,,3.0,445.0,,368.0,167792.0,928.0,,1984
1984-12-01,2809421.0,,,2725904.0,,,0.0,605.0,,0.0,81654.0,1258.0,,1984
1985-01-01,453322.0,,,327513.0,,,45.0,630.0,,207.0,124342.0,585.0,,1984
1985-02-01,235345.0,,,118687.0,,,30.0,1539.0,,10.0,112772.0,2307.0,,1984
1985-03-01,89880.0,,,56106.0,,,82.0,805.0,,182.0,31459.0,1246.0,,1984
1985-04-01,103458.0,,,52250.0,,,25.0,8877.0,,150.0,40559.0,1597.0,,1984
1985-05-01,66162.0,,,40174.0,,,8.0,175.0,,173.0,24487.0,1145.0,,1984
1985-06-01,29990.0,,,11954.0,,,10.0,177.0,,0.0,16682.0,1167.0,,1984
1985-07-01,8640.0,,,5505.0,,,0.0,0.0,,0.0,522.0,2613.0,,1984
1985-08-01,34.0,,,0.0,,,0.0,0.0,,0.0,0.0,34.0,,1984
1985-09-01,0.0,,,0.0,,,0.0,0.0,,0.0,0.0,0.0,,1984
1985-10-01,26.0,,,26.0,,,0.0,0.0,,0.0,0.0,0.0,,1984
1985-11-01,193774.0,,,252.0,,,0.0,43.0,,0.0,192392.0,1087.0,,1985
1985-12-01,3297467.0,,,3250396.0,,,0.0,12.0,,11.0,44440.0,2608.0,,1985
1986-01-01,351056.0,,,324950.0,,,86.0,29.0,,0.0,25259.0,732.0,,1985
1986-02-01,109333.0,,,76248.0,,,0.0,118.0,,0.0,32137.0,830.0,,1985
1986-03-01,84184.0,,,39232.0,,,8.0,57.0,,0.0,43958.0,929.0,,1985
1986-04-01,52802.0,,,31957.0,,,2385.0,74.0,,0.0,17216.0,1170.0,,1985
1986-05-01,94180.0,,,72943.0,,,41.0,0.0,,0.0,20060.0,1136.0,,1985
1986-06-01,21547.0,,,9124.0,,,4.0,0.0,,0.0,11894.0,525.0,,1985
1986-07-01,3104.0,,,2347.0,,,0.0,0.0,,0.0,740.0,17.0,,1985
1986-08-01,126.0,,,97.0,,,0.0,12.0,,0.0,0.0,17.0,,1985
1986-09-01,189.0,,,0.0,,,0.0,164.0,,0.0,0.0,25.0,,1985
1986-10-01,72.0,,,42.0,,,30.0,0.0,,0.0,0.0,0.0,,1985
1986-11-01,735070.0,,,658.0,,,0.0,108.0,,0.0,734295.0,9.0,,1986
1986-12-01,5322913.0,,,5003737.0,,,32.0,63.0,,0.0,317930.0,1151.0,,1986
1987-01-01,588068.0,,,394351.0,,,1073.0,26.0,,20.0,192437.0,161.0,,1986
1987-02-01,353982.0,,,174316.0,,,1496.0,567.0,,0.0,177258.0,345.0,,1986
1987-03-01,176882.0,,,103244.0,,,780.0,501.0,,0.0,71969.0,388.0,,1986
1987-04-01,106771.0,,,52641.0,,,0.0,306.0,,0.0,53271.0,553.0,,1986
1987-05-01,75456.0,,,39398.0,,,0.0,4.0,,0.0,35491.0,563.0,,1986
1987-06-01,58328.0,,,22245.0,,,0.0,181.0,,0.0,35464.0,438.0,,1986
1987-07-01,13239.0,,,11020.0,,,0.0,251.0,,0.0,1380.0,588.0,,1986
1987-08-01,687.0,,,166.0,,,0.0,194.0,,0.0,0.0,327.0,,1986
1987-09-01,4157.0,,,708.0,,,20.0,208.0,,0.0,3150.0,71.0,,1986
1987-10-01,11533.0,,,0.0,,,0.0,9593.0,,0.0,1286.0,654.0,,1986
1987-11-01,819126.0,,,5824.0,,,62.0,1748.0,,0.0,808599.0,2893.0,,1987
1987-12-01,4447989.0,,,3512601.0,,,0.0,4705.0,,0.0,929275.0,1408.0,,1987
1988-01-01,1577583.0,,,1169568.0,,,0.0,4153.0,,0.0,403752.0,110.0,,1987
1988-02-01,961787.0,,,500102.0,,,0.0,4632.0,,5.0,456901.0,147.0,,1987
1988-03-01,308201.0,,,114330.0,,,0.0,9795.0,,0.0,182524.0,1552.0,,1987
1988-04-01,343188.0,,,145526.0,,,20.0,7934.0,,0.0,189400.0,308.0,,1987
1988-05-01,217115.0,,,152406.0,,,0.0,143.0,,50.0,64044.0,472.0,,1987
1988-06-01,85931.0,,,23701.0,,,0.0,23.0,,0.0,62089.0,118.0,,1987
1988-07-01,2829.0,,,2679.0,,,0.0,0.0,,0.0,150.0,0.0,,1987
1988-08-01,88.0,,,70.0,,,0.0,0.0,,0.0,0.0,18.0,,1987
1988-09-01,16.0,,,0.0,,,0.0,0.0,,0.0,0.0,16.0,,1987
1988-10-01,558.0,,,37.0,,,62.0,15.0,,0.0,0.0,444.0,,1987
1988-11-01,982607.0,,,7591.0,,,90.0,13610.0,,0.0,960743.0,573.0,,1988
1988-12-01,6807041.0,,,6533590.0,,,0.0,27357.0,,0.0,245542.0,552.0,,1988
1989-01-01,730012.0,,,588333.0,,,329.0,18595.0,,0.0,121765.0,990.0,,1988
1989-02-01,491135.0,,,394987.0,,,744.0,11192.0,,0.0,82707.0,1505.0,,1988
1989-03-01,239051.0,,,183146.0,,,173.0,5369.0,,0.0,47770.0,2593.0,,1988
1989-04-01,181582.0,,,144972.0,,,2.0,3602.0,,0.0,30609.0,2397.0,,1988
1989-05-01,125285.0,,,112436.0,,,0.0,72.0,,0.0,12249.0,528.0,,1988
1989-06-01,29700.0,,,17354.0,,,4.0,4.0,,0.0,11856.0,482.0,,1988
1989-07-01,3538.0,,,2770.0,,,0.0,762.0,,0.0,0.0,6.0,,1988
1989-08-01,0.0,,,0.0,,,0.0,0.0,,0.0,0.0,0.0,,1988
1989-09-01,0.0,,,0.0,,,0.0,0.0,,0.0,0.0,0.0,,1988
1989-10-01,2.0,,,0.0,,,0.0,0.0,,0.0,0.0,2.0,,1988
1989-11-01,467307.0,,,1999.0,,,90.0,20168.0,,79.0,440083.0,4888.0,,1989
1989-12-01,3447594.0,,,3280856.0,,,0.0,11259.0,,0.0,151982.0,3497.0,,1989
1990-01-01,243019.0,,,176647.0,,,10.0,5547.0,,59.0,53387.0,7369.0,,1989
1990-02-01,105613.0,,,42797.0,,,10.0,6756.0,,0.0,47469.0,8581.0,,1989
1990-03-01,141517.0,,,97830.0,,,780.0,3616.0,,0.0,23106.0,16185.0,,1989
1990-04-01,163723.0,,,140662.0,,,878.0,2974.0,,0.0,11784.0,7425.0,,1989
1990-05-01,68937.0,,,53318.0,,,0.0,69.0,,138.0,14474.0,938.0,,1989
1990-06-01,30480.0,,,8699.0,,,0.0,0.0,,0.0,20858.0,923.0,,1989
1990-07-01,8245.0,,,6202.0,,,0.0,0.0,,0.0,1343.0,700.0,,1989
1990-08-01,106.0,,,33.0,,,0.0,0.0,,0.0,0.0,73.0,,1989
1990-09-01,739.0,,,0.0,,,0.0,479.0,,0.0,0.0,260.0,,1989
1990-10-01,7195.0,,,0.0,,,0.0,481.0,,77.0,5910.0,727.0,,1989
1990-11-01,710425.0,,,0.0,,,363.0,18892.0,,0.0,685994.0,5176.0,,1990
1990-12-01,8887325.0,,,8714876.0,,,913.0,7424.0,,0.0,152355.0,11757.0,,1990
1991-01-01,1552106.0,,,1434323.0,,,492.0,5763.0,,0.0,98041.0,13487.0,,1990
1991-02-01,354739.0,,,231499.0,,,1184.0,6641.0,,0.0,106970.0,8445.0,,1990
1991-03-01,160814.0,,,96567.0,,,219.0,3308.0,,2.0,52838.0,7880.0,,1990
1991-04-01,132301.0,,,65499.0,,,285.0,4076.0,,0.0,53291.0,9150.0,,1990
1991-05-01,96346.0,,,41333.0,,,497.0,457.0,,0.0,47316.0,6743.0,,1990
1991-06-01,72228.0,,,12007.0,,,1058.0,173.0,,0.0,55079.0,3911.0,,1990
1991-07-01,7108.0,,,6943.0,,,72.0,76.0,,0.0,9.0,8.0,,1990
1991-08-01,1217.0,,,938.0,,,0.0,66.0,,0.0,63.0,150.0,,1990
1991-09-01,199.0,,,0.0,,,0.0,0.0,,0.0,0.0,199.0,,1990
1991-10-01,234.0,,,0.0,,,0.0,89.0,,0.0,0.0,145.0,,1990
1991-11-01,291813.0,,,1770.0,,,1127.0,12757.0,,0.0,259025.0,17134.0,,1991
1991-12-01,1573792.0,,,1306568.0,,,541.0,19163.0,,0.0,238773.0,8747.0,,1991
1992-01-01,6136976.0,,,6020359.0,,,1785.0,8422.0,,0.0,95290.0,11120.0,,1991
1992-02-01,1092530.0,,,911080.0,,,1939.0,8677.0,,0.0,160525.0,10309.0,,1991
1992-03-01,246932.0,,,159819.0,,,166.0,6378.0,,0.0,68975.0,11594.0,,1991
1992-04-01,315978.0,,,206160.0,,,570.0,6407.0,,0.0,88017.0,14824.0,,1991
1992-05-01,109855.0,,,43525.0,,,654.0,1774.0,,0.0,56367.0,7535.0,,1991
1992-06-01,53935.0,,,20504.0,,,370.0,357.0,,0.0,28357.0,4347.0,,1991
1992-07-01,9378.0,,,8547.0,,,0.0,325.0,,0.0,130.0,376.0,,1991
1992-08-01,62.0,,,43.0,,,0.0,0.0,,0.0,0.0,19.0,,1991
1992-09-01,7.0,,,0.0,,,0.0,7.0,,0.0,0.0,0.0,,1991
1992-10-01,40.0,,,0.0,,,0.0,40.0,,0.0,0.0,0.0,,1991
1992-11-01,163404.0,,,843.0,,,779.0,11719.0,,0.0,132472.0,17591.0,,1992
1992-12-01,197738.0,,,141824.0,,,858.0,7000.0,,0.0,31838.0,16218.0,,1992
1993-01-01,176772.0,,,120373.0,,,857.0,2527.0,,0.0,31013.0,22002.0,,1992
1993-02-01,7925047.0,,,7848953.0,,,1879.0,3420.0,,0.0,44637.0,26158.0,,1992
1993-03-01,1179957.0,,,1129319.0,,,4968.0,2323.0,,0.0,18869.0,24478.0,,1992
1993-04-01,204637.0,,,177610.0,,,3129.0,796.0,,0.0,3982.0,19120.0,,1992
1993-05-01,182113.0,,,156079.0,,,4046.0,2008.0,,0.0,3607.0,16373.0,,1992
1993-06-01,39777.0,,,29479.0,,,1870.0,0.0,,0.0,1798.0,6630.0,,1992
1993-07-01,6115.0,,,6073.0,,,1.0,0.0,,0.0,0.0,41.0,,1992
1993-08-01,83.0,,,0.0,,,0.0,78.0,,0.0,0.0,5.0,,1992
1993-09-01,29.0,,,0.0,,,0.0,0.0,,0.0,0.0,29.0,,1992
1993-10-01,4754.0,,,4264.0,,,0.0,458.0,,0.0,0.0,32.0,,1992
1993-11-01,253088.0,,,0.0,,,1688.0,8207.0,,0.0,220807.0,22386.0,,1993
1993-12-01,2172709.0,,,2060657.0,,,3345.0,10718.0,,0.0,70717.0,27272.0,,1993
1994-01-01,3069306.0,,,2939252.0,,,635.0,8516.0,,0.0,88707.0,32196.0,,1993
1994-02-01,440282.0,,,286610.0,,,222.0,9806.0,,0.0,98883.0,44761.0,,1993
1994-03-01,258517.0,,,147895.0,,,708.0,8401.0,,0.0,47851.0,53662.0,,1993
1994-04-01,134098.0,,,45648.0,,,0.0,3466.0,,0.0,35704.0,49280.0,,1993
1994-05-01,75495.0,,,39883.0,,,0.0,362.0,,0.0,16999.0,18251.0,,1993
1994-06-01,42543.0,,,19369.0,,,0.0,1752.0,,0.0,14811.0,6611.0,,1993
1994-07-01,6796.0,,,6463.0,,,0.0,0.0,,0.0,266.0,67.0,,1993
1994-08-01,0.0,,,0.0,,,0.0,0.0,,0.0,0.0,0.0,,1993
1994-09-01,40.0,,,40.0,,,0.0,0.0,,0.0,0.0,0.0,,1993
1994-10-01,0.0,,,0.0,,,0.0,0.0,,0.0,0.0,0.0,,1993
1994-11-01,497525.0,,,6590.0,,,0.0,13619.0,,0.0,466637.0,10679.0,,1994
1994-12-01,8948175.0,,,7501168.0,,,0.0,73657.0,,0.0,1363688.0,9662.0,,1994
1995-01-01,1358306.0,,,1119268.0,,,89.0,8123.0,,0.0,226419.0,4407.0,,1994
1995-02-01,1321669.0,,,836409.0,,,2102.0,28824.0,,0.0,444310.0,10024.0,,1994
1995-03-01,431909.0,,,212026.0,,,0.0,21216.0,,0.0,196044.0,2623.0,,1994
1995-04-01,297152.0,,,168030.0,,,0.0,10431.0,,0.0,102180.0,16511.0,,1994
1995-05-01,238769.0,,,137980.0,,,0.0,1753.0,,0.0,93330.0,5706.0,,1994
1995-06-01,104779.0,,,36671.0,,,0.0,2300.0,,0.0,63876.0,1932.0,,1994
1995-07-01,25005.0,,,24411.0,,,8.0,586.0,,0.0,0.0,0.0,,1994
1995-08-01,0.0,,,0.0,,,0.0,0.0,,0.0,0.0,0.0,,1994
1995-09-01,42.0,,,0.0,,,0.0,0.0,,42.0,0.0,0.0,,1994
1995-10-01,1049.0,,,1049.0,,,0.0,0.0,,0.0,0.0,0.0,,1994
1995-11-01,1102374.0,,,6166.0,,,0.0,78291.0,,0.0,1015585.0,2332.0,,1995
1995-12-01,4313998.0,,,3934176.0,,,128.0,23687.0,,608.0,354570.0,829.0,,1995
1996-01-01,6215810.0,,,6084448.0,,,2772.0,3231.0,,0.0,124024.0,1335.0,,1995
1996-02-01,1748987.0,,,1614560.0,,,0.0,1986.0,,0.0,129621.0,2820.0,,1995
1996-03-01,703086.0,,,577665.0,,,0.0,2660.0,,0.0,118885.0,3876.0,,1995
1996-04-01,405765.0,,,340720.0,,,561.0,2295.0,,0.0,57728.0,4461.0,,1995
1996-05-01,398885.0,,,349479.0,,,0.0,117.0,,0.0,42363.0,6926.0,,1995
1996-06-01,226944.0,,,160711.0,,,280.0,150.0,,0.0,63177.0,2626.0,,1995
1996-07-01,59949.0,,,52625.0,,,0.0,0.0,,0.0,7299.0,25.0,,1995
1996-08-01,90.0,,,0.0,,,50.0,0.0,,0.0,0.0,40.0,,1995
1996-09-01,141.0,,,0.0,,,50.0,91.0,,0.0,0.0,0.0,,1995
1996-10-01,50.0,,,0.0,,,0.0,0.0,,0.0,0.0,50.0,,1995
1996-11-01,719829.0,,,842.0,,,0.0,10246.0,,15.0,707497.0,1229.0,,1996
1996-12-01,1837917.0,,,1470512.0,,,0.0,12894.0,,0.0,353257.0,1254.0,,1996
1997-01-01,670994.0,,,386832.0,,,0.0,8915.0,,0.0,274479.0,768.0,,1996
1997-02-01,273329.0,,,134736.0,,,0.0,9916.0,,0.0,128084.0,593.0,,1996
1997-03-01,125533.0,,,41496.0,,,0.0,8899.0,,0.0,73857.0,1281.0,,1996
1997-04-01,136811.0,,,73219.0,,,0.0,6810.0,,0.0,55461.0,1321.0,,1996
1997-05-01,118370.0,,,46948.0,,,0.0,3088.0,,0.0,66101.0,2233.0,,1996
1997-06-01,84981.0,,,19804.0,,,7.0,2448.0,,0.0,60398.0,2324.0,,1996
1997-07-01,26884.0,,,16965.0,,,2.0,0.0,,0.0,9506.0,411.0,,1996
1997-08-01,0.0,,,0.0,,,0.0,0.0,,0.0,0.0,0.0,,1996
1997-09-01,3.0,,,0.0,,,3.0,0.0,,0.0,0.0,0.0,,1996
1997-10-01,8207.0,,,614.0,,,0.0,0.0,,0.0,7593.0,0.0,,1996
1997-11-01,1031341.0,,,3917.0,,,0.0,4017.0,,0.0,1023042.0,365.0,,1997
1997-12-01,7424111.0,,,6625866.0,,,0.0,10664.0,,0.0,786410.0,1171.0,,1997
1998-01-01,1086216.0,,,507624.0,,,0.0,6806.0,,0.0,567423.0,4363.0,,1997
1998-02-01,399840.0,,,135104.0,,,17.0,2852.0,,0.0,259016.0,2851.0,,1997
1998-03-01,704292.0,,,285820.0,,,1.0,12923.0,,0.0,400598.0,4950.0,,1997
1998-04-01,454381.0,,,141060.0,,,458.0,11255.0,,0.0,300319.0,1289.0,,1997
1998-05-01,192650.0,,,67581.0,,,0.0,2234.0,,0.0,122754.0,81.0,,1997
1998-06-01,89116.0,,,17431.0,,,0.0,1214.0,,0.0,70221.0,250.0,,1997
1998-07-01,17937.0,,,11606.0,,,0.0,0.0,,0.0,6331.0,0.0,,1997
1998-08-01,0.0,,,0.0,,,0.0,0.0,,0.0,0.0,0.0,,1997
1998-09-01,157.0,,,0.0,,,0.0,0.0,,0.0,0.0,157.0,,1997
1998-10-01,148.0,,,0.0,,,118.0,30.0,,0.0,0.0,0.0,,1997
1998-11-01,636893.0,,,2523.0,,,0.0,8671.0,,0.0,623418.0,2281.0,,1998
1998-12-01,7104284.0,,,6782668.0,,,0.0,6733.0,,0.0,312212.0,2671.0,,1998
1999-01-01,1224064.0,,,1108114.0,,,0.0,4135.0,,0.0,110506.0,1309.0,,1998
1999-02-01,275163.0,,,189633.0,,,0.0,2091.0,,0.0,83439.0,0.0,,1998
1999-03-01,235192.0,,,184703.0,,,0.0,3613.0,,0.0,46725.0,151.0,,1998
1999-04-01,146684.0,,,114174.0,,,0.0,3469.0,,0.0,29041.0,0.0,,1998
1999-05-01,169831.0,,,147170.0,,,0.0,1020.0,,0.0,21641.0,0.0,,1998
1999-06-01,74043.0,,,45989.0,,,0.0,428.0,,0.0,27611.0,15.0,,1998
1999-07-01,17781.0,,,14350.0,,,0.0,0.0,,0.0,3431.0,0.0,,1998
1999-08-01,0.0,,,0.0,,,0.0,0.0,,0.0,0.0,0.0,,1998
1999-09-01,0.0,,,0.0,,,0.0,0.0,,0.0,0.0,0.0,,1998
1999-10-01,9494.0,,,9494.0,,,0.0,0.0,,0.0,0.0,0.0,,1998
1999-11-01,381858.0,,,602.0,,,0.0,3165.0,,0.0,378024.0,67.0,,1999
1999-12-01,6178148.0,,,5930736.0,,,0.0,7111.0,,0.0,240301.0,0.0,,1999
2000-01-01,1133909.0,,,1051960.0,,,0.0,4003.0,,0.0,77580.0,366.0,,1999
2000-02-01,457694.0,,,389341.0,,,0.0,3468.0,,0.0,64315.0,570.0,,1999
2000-03-01,194457.0,,,136063.0,,,0.0,4199.0,,0.0,53474.0,721.0,,1999
2000-04-01,234344.0,,,184328.0,,,0.0,2820.0,,0.0,46082.0,1114.0,,1999
2000-05-01,118229.0,,,93136.0,,,0.0,1078.0,,0.0,22615.0,1400.0,,1999
2000-06-01,55945.0,,,27793.0,,,0.0,35.0,,0.0,27031.0,1086.0,,1999
2000-07-01,11569.0,,,9624.0,,,0.0,0.0,,0.0,1945.0,0.0,,1999
2000-08-01,514.0,,,0.0,,,0.0,0.0,,0.0,514.0,0.0,,1999
2000-09-01,0.0,,,0.0,,,0.0,0.0,,0.0,0.0,0.0,,1999
2000-10-01,400.0,,,0.0,,,0.0,400.0,,0.0,0.0,0.0,,1999
2000-11-01,684423.0,,,5977.0,,,0.0,4193.0,,0.0,674222.0,31.0,,2000
2000-12-01,3580867.0,,,3247191.0,,,0.0,7885.0,,0.0,325701.0,90.0,,2000
2001-01-01,509263.0,,,353000.0,,,0.0,2718.0,,0.0,153504.0,41.0,,2000
2001-02-01,298558.0,,,188103.0,,,0.0,2802.0,,0.0,107351.0,302.0,,2000
2001-03-01,187745.0,,,95296.0,,,14.0,2509.0,,0.0,88706.0,1220.0,,2000
2001-04-01,133916.0,,,43962.0,,,0.0,2742.0,,0.0,84912.0,2300.0,,2000
2001-05-01,164333.0,,,30856.0,,,0.0,845.0,,0.0,129301.0,3331.0,,2000
2001-06-01,104589.0,,,16656.0,,,0.0,2029.0,,0.0,84433.0,1471.0,,2000
2001-07-01,15295.0,,,12832.0,,,0.0,211.0,,0.0,2252.0,0.0,,2000
2001-08-01,0.0,,,0.0,,,0.0,0.0,,0.0,0.0,0.0,,2000
2001-09-01,0.0,,,0.0,,,0.0,0.0,,0.0,0.0,0.0,,2000
2001-10-01,48.0,,,0.0,,,0.0,48.0,,0.0,0.0,0.0,,2000
2001-11-01,10519.0,,,0.0,,,0.0,405.0,,0.0,10114.0,0.0,,2001
2001-12-01,2111840.0,,,1246153.0,,,0.0,9956.0,,0.0,855731.0,0.0,,2001
2002-01-01,770281.0,,,400697.0,,,0.0,14549.0,,0.0,354778.0,257.0,,2001
2002-02-01,282641.0,,,83247.0,,,0.0,18720.0,,0.0,171699.0,8975.0,,2001
2002-03-01,129092.0,,,43676.0,,,0.0,9168.0,,0.0,71261.0,4987.0,,2001
2002-04-01,120741.0,,,37322.0,,,0.0,7480.0,,0.0,67428.0,8511.0,,2001
2002-05-01,76828.0,,,26265.0,,,0.0,6488.0,,0.0,38935.0,5140.0,,2001
2002-06-01,61056.0,,,15233.0,,,0.0,1613.0,,0.0,43067.0,1143.0,,2001
2002-07-01,46665.0,,,44895.0,,,0.0,0.0,,0.0,1770.0,0.0,,2001
2002-08-01,0.0,,,0.0,,,0.0,0.0,,0.0,0.0,0.0,,2001
2002-09-01,0.0,,,0.0,,,0.0,0.0,,0.0,0.0,0.0,,2001
2002-10-01,0.0,,,0.0,,,0.0,0.0,,0.0,0.0,0.0,,2001
2002-11-01,,581225.7,1592.0,479.0,17590.0,483934.57,,23880.79,1500.5,,1227964.0,,,2002
2002-12-01,,431486.8,1329048.8,736958.24,56940.27,322785.26,,26194.05,1416.0,,359450.5,,223965.0,2002
2003-01-01,,175854.4,2365105.1,2236100.58,235060.36,124022.63,,27083.52,4369.8,,130603.0,,511112.5,2002
2003-02-01,,67929.35,506144.2,415464.5,73880.25,77876.6,,13654.35,5014.5,,63321.0,,209787.0,2002
2003-03-01,,22791.8,90904.95,72536.0,24055.3,38517.45,,11248.0,4564.05,,12213.0,,32658.0,2002
2003-04-01,,17934.6,39369.55,77699.0,9822.0,21215.95,,5975.12,8248.1,,15849.0,,49565.0,2002
2003-05-01,,7120.15,17305.45,111570.0,2083.0,6343.2,,5427.59,3828.5,,8702.7,,9241.0,2002
2003-06-01,,6296.55,1790.15,21990.0,378.0,4555.8,,6579.64,2080.5,,4841.0,,1756.0,2002
2003-07-01,,,3799.15,4271.0,2849.85,112.9,,,,,169.0,,628.0,2002
2003-08-01,,,,,,,,,,,,,,2002
2003-09-01,,,,,,,,,,,,,,2002
2003-10-01,,,,,,,,,,,,,,2002
2003-11-01,,661902.87,52109.0,7255.0,11944.0,658534.56,,33906.3,795.0,,1460043.74,,,2003
2003-12-01,,418157.8,6369343.39,2515902.7,307818.7,521889.37,,70367.97,1457.0,,379810.3,,950237.5,2003
2004-01-01,,178447.1,1984995.25,994305.75,102066.1,220257.18,,38657.84,1800.5,,155481.6,,412881.5,2003
2004-02-01,,88563.4,633100.15,206653.5,29105.9,76891.83,,24560.8,5476.29,,63835.0,,121664.95,2003
2004-03-01,,41995.5,357096.65,115382.5,19124.0,29724.9,,16207.24,5247.9,,39677.08,,156222.4,2003
2004-04-01,,24644.8,159658.0,39268.0,6983.0,13080.25,,7365.5,4152.0,,28344.0,,105118.0,2003
2004-05-01,,17195.0,60132.75,63874.1,7561.0,10693.8,,5061.8,3172.35,,27679.0,,71168.0,2003
2004-06-01,,14888.0,4779.5,29777.0,3468.0,3455.15,,2377.4,1276.0,,13343.5,,7713.0,2003
2004-07-01,,,1347.0,18846.0,3398.4,,,,,,,,570.5,2003
2004-08-01,,,,,,,,,,,,,,2003
2004-09-01,,,,,,,,,,,,,,2003
2004-10-01,,,,,,,,,,,,,,2003
2004-11-01,,943655.14,1279.0,798.0,35547.0,652228.29,,32642.7,1102.0,,2072538.7,,,2004
2004-12-01,,592332.3,7845818.8,4112431.0,693015.2,267557.54,,42952.58,7529.0,,383797.3,,830009.0,2004
2005-01-01,,209520.4,1717627.7,949168.5,162412.0,100184.19,,21741.8,8078.5,,154416.27,,208204.0,2004
2005-02-01,,139417.8,672468.95,440935.0,71422.5,61494.46,,16043.8,12645.0,,84455.3,,187943.3,2004
2005-03-01,,43599.8,199417.0,107361.0,24400.6,31652.19,,9553.84,3073.0,,42133.3,,71431.0,2004
2005-04-01,,22887.0,159549.4,126228.0,13991.0,22038.65,,7627.22,7209.4,,22238.0,,105333.0,2004
2005-05-01,,16628.98,93619.45,144102.0,6667.6,14163.35,,2873.4,11646.2,,15178.44,,51593.0,2004
2005-06-01,,12178.9,19568.1,45004.0,1931.0,4321.0,,5156.82,5615.2,,13379.98,,3062.0,2004
2005-07-01,,,5778.0,5104.0,546.6,87.6,,,,,97.0,,703.0,2004
2005-08-01,,,,,,,,,,,,,,2004
2005-09-01,,,,,,,,,,,,,,2004
2005-10-01,,,,,,,,,,,,,,2004
2005-11-01,,180747.3,,,,282804.61,,110077.47,,,457952.0,,,2005
2005-12-01,,650761.35,,7215.0,617.0,924815.61,,129581.32,,,1455145.7,,,2005
2006-01-01,,219167.5,4286677.44,1114379.5,255764.0,235584.9,,26876.1,17318.0,,198599.0,,557442.0,2005
2006-02-01,,156156.3,5245082.81,1406570.25,293465.9,93438.16,,14765.6,51310.4,,79159.6,,468731.0,2005
2006-03-01,,46111.3,959913.05,519710.0,62091.0,28623.6,,8570.5,46656.8,,41760.0,,253407.05,2005
2006-04-01,,69875.7,574751.0,308361.0,45291.3,23139.95,,12368.3,46720.3,,42598.0,,145953.32,2005
2006-05-01,,44608.0,325606.55,298397.0,37082.15,27235.64,,10689.5,51466.9,,48334.0,,171901.0,2005
2006-06-01,,46006.0,168465.0,96313.0,25476.5,26533.09,,22419.3,34178.2,,40000.0,,50222.0,2005
2006-07-01,,,42338.5,29042.0,8280.0,452.0,,814.0,,,,,4120.0,2005
2006-08-01,,,,,,,,,,,,,,2005
2006-09-01,,,,,,,,,,,,,,2005
2006-10-01,,,,,,,,,,,,,,2005
2006-11-01,,861153.0,,,11673.0,771048.78,,69637.37,4758.4,,1706195.18,,,2006
2006-12-01,,334361.1,1278965.8,763585.5,153640.25,303114.47,,51328.93,11230.0,,150523.49,,246281.2,2006
2007-01-01,,274485.7,1912580.7,1113208.0,194296.9,143477.65,,17520.84,12150.25,,131040.03,,206420.0,2006
2007-02-01,,95285.4,417766.5,181569.5,61416.5,60124.04,,12269.99,16542.3,,121189.0,,80491.0,2006
2007-03-01,,134606.0,237314.0,78512.5,54000.05,61835.85,,21449.84,5055.5,,65273.07,,42338.0,2006
2007-04-01,,85888.0,77450.0,22765.0,5603.1,78107.3,,14544.8,16052.1,,53846.05,,36472.0,2006
2007-05-01,,92252.0,110652.0,99859.0,9100.6,55414.45,,6113.4,13183.3,,46960.7,,61850.0,2006
2007-06-01,,50055.4,30981.4,20358.5,12073.16,17126.6,,17363.8,6218.5,,22878.5,,8855.0,2006
2007-07-01,,1716.0,10372.0,3125.0,1852.6,,,,,,,,544.0,2006
2007-08-01,,,,,,,,,,,,,,2006
2007-09-01,,,,,,,,,,,,,,2006
2007-10-01,,,,,,,,,,,,,,2006
2007-11-01,,436.0,,,,15.6,,298471.58,,,1335.0,,,2007
2007-12-01,,455827.6,1559572.55,1050734.5,306997.2,258963.66,,13807.8,58.2,,391869.65,,186516.0,2007
2008-01-01,,182999.4,337283.2,278996.0,98316.0,132170.88,,4991.3,329.8,,150094.3,,43889.0,2007
2008-02-01,,223544.5,148307.4,49116.0,83488.6,113275.5,,13724.26,3386.0,,172566.75,,37364.0,2007
2008-03-01,,134491.25,57887.0,84932.0,67417.5,56969.85,,12478.1,1482.0,,154586.4,,35658.0,2007
2008-04-01,,119425.2,39130.6,95181.0,29701.9,96113.13,,15661.6,589.13,,188309.24,,32542.0,2007
2008-05-01,,201390.0,15140.6,38638.5,58724.6,70910.14,,23859.8,3792.7,,135724.8,,10788.0,2007
2008-06-01,,105881.4,4244.5,10472.5,49740.0,28788.2,,19101.8,2583.0,,47043.7,,4116.0,2007
2008-07-01,,1764.0,3967.0,8399.0,21576.0,831.2,,213.0,,,5956.0,,2299.0,2007
2008-08-01,,,,,,,,,,,,,,2007
2008-09-01,,,,,,,,,,,,,,2007
2008-10-01,,,,,,,,,,,,,,2007
2008-11-01,,85224.2,1846.0,1607.0,15835.0,115671.57,,12970.1,,,270540.76,,,2008
2008-12-01,,46861.1,1861183.79,1177735.16,264728.74,80504.74,,22072.2,398.0,,56482.05,,393066.0,2008
2009-01-01,,31374.8,373076.04,219683.64,53415.7,32520.38,,11107.48,221.0,,26352.9,,83564.0,2008
2009-02-01,,19019.0,102437.0,37637.99,24432.9,9487.19,,2344.8,,,7584.55,,15897.0,2008
2009-03-01,,17821.3,76999.0,27430.79,16052.0,5333.5,,5810.8,210.0,,11291.75,,15414.0,2008
2009-04-01,,34577.1,77164.0,40738.78,29605.65,6579.45,,12617.7,,,17218.0,,25178.0,2008
2009-05-01,,28202.7,28783.0,25590.82,20253.0,4049.04,,21573.0,309.0,,21105.0,,9197.0,2008
2009-06-01,,21595.0,16843.5,9765.0,9212.0,7556.7,,25086.3,1227.1,,23192.8,,2639.0,2008
2009-07-01,,1634.0,11226.5,9630.1,12688.7,93.25,,394.3,,,182.0,,532.0,2008
2009-08-01,,,,,,,,,,,,,,2008
2009-09-01,,,,,,,,,,,,,,2008
2009-10-01,,,,,,,,,,,,,,2008
2009-11-01,,112710.9,,,838.0,430887.67,,37153.7,,,702181.25,,,2009
2009-12-01,,106829.63,6680330.66,3630954.39,54704.0,294654.3,,47884.0,,,361892.0,,1042118.0,2009
2010-01-01,,82225.01,691712.0,391563.5,11243.0,127945.39,,15613.1,2349.0,,116601.7,,121151.0,2009
2010-02-01,,58629.3,306138.0,194570.97,12243.6,89914.1,,20022.7,,,96297.0,,77379.0,2009
2010-03-01,,58637.3,147985.5,96666.6,8465.25,77495.85,,38224.4,113.0,,91073.65,,46783.0,2009
2010-04-01,,23836.33,56116.0,50965.15,4964.6,43036.25,,26722.92,40.0,,30364.95,,37319.0,2009
2010-05-01,,37252.0,17546.0,47273.4,1177.3,34403.5,,36365.92,111.3,,23756.65,,15511.0,2009
2010-06-01,,79018.3,4826.0,10949.5,257.0,39172.09,,32831.86,145.0,,16945.2,,6130.0,2009
2010-07-01,,1106.0,2661.0,11478.4,1223.9,2057.0,,,,,,,,2009
2010-08-01,,,,,,,,,,,,,,2009
2010-09-01,,,,,,,,,,,,,,2009
2010-10-01,,,,,,,,,,,,,,2009
2010-11-01,,3265332.84,24907.75,7533.37,,2393085.0965,,125072.85,1500.0,,6241928.9975,,,2010
2010-12-01,,3739522.9524,4761616.9925,2028480.94,412618.045,2869629.637,,267231.925,3600.0,,4812829.145,,860353.285,2010
2011-01-01,,2592407.21,2768930.836,1114686.925,1025030.23,1534540.9234,,137222.895,3064.75,,2698139.89,,510519.3,2010
2011-02-01,,1107948.145,949266.15,368020.755,460539.7,522807.777,,152311.58,1601.4,,1229241.35,,234945.1,2010
2011-03-01,,922077.105,315233.2,351227.412,221971.65,358822.8155,,95164.925,,,625191.8,,175469.8,2010
2011-04-01,,450470.2075,495764.0,345361.0,308720.55,231116.084,,58527.63,,,343065.0,,209894.25,2010
2011-05-01,,261097.485,137677.25,217585.6,162734.55,57837.11,,84336.44,1107.5,,191377.75,,95437.5,2010
2011-06-01,,188144.85,48891.0,99549.65,82298.85,35924.0675,,144969.265,825.0,,117367.19,,37454.5,2010
2011-07-01,,,7802.75,14389.5,9544.5,,,4912.8,,,,,1188.0,2010
2011-08-01,,,,,,,,,,,,,,2010
2011-09-01,,,,,,,,,,,,,,2010
2011-10-01,,,,,,,,,,,,,,2010
2011-11-01,,150323.3,,,,108286.34,,53962.0,,,260702.5,,,2011
2011-12-01,,3306968.32,,,55534.0,2268780.77,,193707.61,,,5088519.8,,,2011
2012-01-01,,806262.65,3627967.0,2775337.9,541435.04,323167.47,,104696.6,7799.5,,1040373.05,,236666.0,2011
2012-02-01,,257197.8,2804358.01,2060230.0,668381.5,137469.32,,59312.8,22307.9,,241044.9,,347954.0,2011
2012-03-01,,212815.0,661926.75,580832.45,425911.0,89867.75,,49008.4,30517.4,,150303.01,,47892.0,2011
2012-04-01,,87257.0,210152.0,231257.0,213081.5,39490.31,,31448.9,30644.7,,54945.75,,112019.0,2011
2012-05-01,,89006.0,173300.0,166016.0,60473.0,10549.53,,36328.9,27909.3,,61654.74,,77156.0,2011
2012-06-01,,63710.0,41395.0,59557.0,28525.6,2794.87,,42871.79,25286.8,,30745.45,,21100.0,2011
2012-07-01,,3016.0,8773.0,39858.49,944.2,,,72.7,,,,,7768.0,2011
2012-08-01,,,,,,,,,,,,,,2011
2012-09-01,,,,,,,,,,,,,,2011
2012-10-01,,,,,,,,,,,,,,2011
2012-11-01,,885864.9,,,628.0,1247082.15,,119616.57,23575.0,,1521171.95,,,2012
2012-12-01,,336161.4,,,,491889.96,,175169.9,42455.18,,525337.4,,,2012
2013-01-01,,272951.3,6205882.86,3741464.0,322665.0,250649.72,,99392.9,82642.7,,202774.1,,665867.0,2012
2013-02-01,,121770.0,1859333.0,1232377.0,103408.93,102738.78,,76712.46,73587.5,,71811.9,,252280.0,2012
2013-03-01,,132928.0,570104.0,388281.5,77449.0,37556.31,,47161.8,82662.75,,52664.5,,168817.0,2012
2013-04-01,,27064.0,242866.0,117133.0,21998.0,10649.04,,48671.92,88281.45,,31152.5,,89916.0,2012
2013-05-01,,62730.0,184652.0,154298.0,10380.45,9927.05,,41843.6,42425.4,,27296.65,,67439.0,2012
2013-06-01,,47293.0,83519.0,32592.3,4556.0,11084.86,,57685.4,65128.0,,25491.7,,13505.0,2012
2013-07-01,,4077.0,33754.0,17503.0,4565.0,868.0,,,,,55.0,,2146.0,2012
2013-08-01,,,9775.0,4444.3,5734.0,,,,,,881.0,,,2012
2013-09-01,,,,,,,,,,,,,,2012
2013-10-01,,,,,,,,,,,,,,2012
2013-11-01,,1530880.9,,63392.0,4019.0,1459263.8,,119195.11,24191.4,,2905453.44,,,2013
2013-12-01,,565988.0,1989074.27,1448551.32,322359.04,515067.15,,181221.8,79944.8,,557289.48,,405806.0,2013
2014-01-01,,182098.76,686861.0,377416.82,112946.75,112314.19,,156190.0,159174.5,,175153.45,,203907.0,2013
2014-02-01,,89596.55,225711.0,131225.0,38602.0,63019.85,,115633.0,156060.0,,120459.1,,89117.0,2013
2014-03-01,,72228.45,120975.18,78802.4,21517.0,51090.54,,93375.6,98329.5,,97338.63,,58800.0,2013
2014-04-01,,60697.45,45175.62,48300.0,7290.25,65013.18,,51660.1,123254.4,,77595.2,,26271.0,2013
2014-05-01,,44723.55,50442.96,70638.25,7413.0,31629.2,,44022.8,45201.3,,55592.74,,35009.0,2013
2014-06-01,,34219.3,13763.8,14363.0,3330.0,37350.08,,77020.4,49555.0,,39517.4,,7057.0,2013
2014-07-01,,,2548.8,10225.0,1962.0,3035.0,,,,,,,,2013
2014-08-01,,,,,,,,,,,,,,2013
2014-09-01,,,,,,,,,,,,,,2013
2014-10-01,,,,,,,,,,,,,,2013
2014-11-01,,2039110.57,3044.0,15845.0,10647.0,1574711.07,,310338.7,46423.1,,4620577.31,,,2014
2014-12-01,,444715.9,1098593.86,898486.5,333373.0,538677.69,,172345.48,59157.4,,821981.13,,317171.0,2014
2015-01-01,,185005.1,127937.35,128020.52,128629.0,249009.07,,159098.01,207131.25,,243882.95,,58181.0,2014
2015-02-01,,78766.35,22341.58,22662.0,11495.0,49658.83,,77123.77,139180.4,,98660.48,,10425.0,2014
2015-03-01,,28386.04,11870.4,6180.0,1010.25,35379.84,,49388.5,162175.0,,50996.48,,3367.0,2014
2015-04-01,,22823.6,5011.06,12270.05,409.0,22708.51,,30613.9,81612.9,,18325.98,,2188.0,2014
2015-05-01,,21049.3,3687.67,8783.0,3888.0,12713.8,,23243.66,59293.4,,11039.94,,,2014
2015-06-01,,27742.0,12644.12,6826.0,71157.0,6205.25,,18106.6,23507.4,,5034.5,,228.0,2014
2015-07-01,,,34338.0,15861.0,125585.0,,,,,,,,,2014
